[{"model": "auctions.user", "pk": 1, "fields": {"password": "pbkdf2_sha256$260000$T5RVo11vwA4UwV7EnmvrxL$DxiO1XOnLXcPE3kx8Z09NeEvk/3NGtZnlboRoBNhlsk=", "last_login": "2021-07-17T11:45:07.555Z", "is_superuser": true, "username": "sekar", "first_name": "Sekar", "last_name": "Nagappan", "email": "sekar@example.com", "is_staff": true, "is_active": true, "date_joined": "2021-05-23T10:03:50Z", "groups": [], "user_permissions": []}}, {"model": "auctions.user", "pk": 4, "fields": {"password": "pbkdf2_sha256$260000$T8yNi7qP3Tt7HvJuJnh8EI$HWSqfqt1dda4mb1O2nShmO4YUWnIxMMWy4NZWZeutGs=", "last_login": "2021-06-24T13:57:41.500Z", "is_superuser": false, "username": "bigjohn", "first_name": "Big John", "last_name": "Boyle", "email": "bigjohn@example.com", "is_staff": false, "is_active": true, "date_joined": "2021-05-24T05:15:29Z", "groups": [3], "user_permissions": []}}, {"model": "auctions.user", "pk": 5, "fields": {"password": "pbkdf2_sha256$260000$t6ZKYjsyLqe1cOGg0GK28X$2vHPjrXY9v5ZOegDLjVtIL6O99eBL7iJU9v/+Ecf01A=", "last_login": "2021-07-16T12:55:39.243Z", "is_superuser": false, "username": "james", "first_name": "James", "last_name": "Smith", "email": "james.smith@example.com", "is_staff": true, "is_active": true, "date_joined": "2021-05-24T05:20:46Z", "groups": [1], "user_permissions": []}}, {"model": "auctions.user", "pk": 6, "fields": {"password": "pbkdf2_sha256$260000$jJECYsNzINclIJFRoY3xpG$T3oIFC3VcyiKBrqGoUFZg5kW/ySBW21aNAyHRNL/pzQ=", "last_login": "2021-07-16T12:51:30.354Z", "is_superuser": false, "username": "alice", "first_name": "Alice", "last_name": "Smith", "email": "Alice.Smith@example.com", "is_staff": false, "is_active": true, "date_joined": "2021-05-24T05:21:15Z", "groups": [3], "user_permissions": []}}, {"model": "auctions.user", "pk": 8, "fields": {"password": "pbkdf2_sha256$260000$A7cZO3wEFOEcEEtYq4jLd7$oMvyw2ZQVQsk67JYfTcxaM1hqIAiXO57mfSzaztnWmc=", "last_login": "2021-07-16T12:53:42.714Z", "is_superuser": false, "username": "johndoe", "first_name": "John", "last_name": "Doe", "email": "John.Doe@example.com", "is_staff": false, "is_active": true, "date_joined": "2021-05-25T10:17:46Z", "groups": [4], "user_permissions": []}}, {"model": "auctions.user", "pk": 9, "fields": {"password": "pbkdf2_sha256$260000$nQZkrnECaWHFZsq3jPcAP4$4rbPsrzO/58x06jiotWHCvG0vkA4MktmX6UoY+fR6XQ=", "last_login": "2021-07-06T06:21:01.015Z", "is_superuser": false, "username": "User2", "first_name": "User2", "last_name": "Tester", "email": "user2@example.com", "is_staff": false, "is_active": true, "date_joined": "2021-06-05T05:42:26Z", "groups": [], "user_permissions": []}}, {"model": "auctions.address", "pk": 1, "fields": {"username": 1, "addresse_name": "Mr Sekar Nagappan", "address": "Blk 123, Unit 45\r\nStree 678\r\nSingapore 999000", "zipcode": "670544", "country": "Singapore", "shipping_add": false, "billing_add": true, "default_shipping": false, "default_billing": true, "update_ts": "2021-07-16T12:38:15.288Z"}}, {"model": "auctions.address", "pk": 2, "fields": {"username": 1, "addresse_name": "Mr N Sekkappan", "address": "SG-1234-5678 Sekkappan Nagappan\r\n18432 NE Sandy Blvd, Multnomah\r\nSGP-1234, Suite SG-1234-5678\r\nPortland\r\nOregon, USA\r\n97251-6835", "zipcode": "97251-6835", "country": "USA", "shipping_add": true, "billing_add": false, "default_shipping": true, "default_billing": false, "update_ts": "2021-07-16T12:38:34.886Z"}}, {"model": "auctions.address", "pk": 4, "fields": {"username": 4, "addresse_name": "Mr Big John Boyle", "address": "Big John Boyle Building\r\nLos Angeles\r\nCalifornia\r\nUSA", "zipcode": "12345-1234", "country": "USA", "shipping_add": true, "billing_add": true, "default_shipping": true, "default_billing": true, "update_ts": "2021-07-13T06:32:52.270Z"}}, {"model": "auctions.address", "pk": 5, "fields": {"username": 5, "addresse_name": "Mr James Smith S", "address": "The Belvedere\r\n9999, North Street\r\nLondon\r\nBritain", "zipcode": "SW1A 2AA", "country": "Britain", "shipping_add": true, "billing_add": true, "default_shipping": false, "default_billing": false, "update_ts": "2021-07-16T12:57:15.843Z"}}, {"model": "auctions.address", "pk": 6, "fields": {"username": 5, "addresse_name": "Mr James Smith B", "address": "The Belvedere\r\n9999, North Street\r\nLondon\r\nBritain SW1A 2AA", "zipcode": "SW1A 2AA", "country": "Singapore", "shipping_add": false, "billing_add": true, "default_shipping": false, "default_billing": false, "update_ts": "2021-07-13T06:39:29.823Z"}}, {"model": "auctions.address", "pk": 7, "fields": {"username": 1, "addresse_name": "Mr N Sekar", "address": "Blk 42 Tanglin Halt Road\r\n#14-78\r\nSingapore 141042", "zipcode": "141042", "country": "Singapore", "shipping_add": true, "billing_add": true, "default_shipping": false, "default_billing": false, "update_ts": "2021-07-13T06:27:14.244Z"}}, {"model": "auctions.address", "pk": 8, "fields": {"username": 6, "addresse_name": "Alice Smith", "address": "123 High Street\r\nSydney, NSW 4321\r\nNew South Wales\r\nAustralia", "zipcode": "NZW 4321", "country": "Australia", "shipping_add": true, "billing_add": true, "default_shipping": true, "default_billing": true, "update_ts": "2021-07-13T06:25:20.503Z"}}, {"model": "auctions.category", "pk": 1, "fields": {"category": "Toys and Games", "category_desc": "Children's Toys and games.", "update_ts": "2021-06-21T04:41:00.425Z"}}, {"model": "auctions.category", "pk": 2, "fields": {"category": "Electronics", "category_desc": "Hi-Fi, Mobile Phones, Earphones, Television, Cables, Printers, Digital Cameras", "update_ts": "2021-06-21T04:41:00.425Z"}}, {"model": "auctions.category", "pk": 3, "fields": {"category": "Sports", "category_desc": "Sports Equipment", "update_ts": "2021-06-21T04:41:00.425Z"}}, {"model": "auctions.category", "pk": 4, "fields": {"category": "Art And Crafts", "category_desc": "Drawing, Painting, Sculptures, Hanidcrafts, Pictures.", "update_ts": "2021-06-21T04:41:00.425Z"}}, {"model": "auctions.category", "pk": 5, "fields": {"category": "Clothings", "category_desc": "Clothings", "update_ts": "2021-06-21T04:41:00.425Z"}}, {"model": "auctions.category", "pk": 6, "fields": {"category": "Books", "category_desc": "Books, Fiction and Non Fiction.", "update_ts": "2021-06-21T04:41:00.425Z"}}, {"model": "auctions.category", "pk": 7, "fields": {"category": "Home", "category_desc": "Things for the home", "update_ts": "2021-06-21T04:41:00.425Z"}}, {"model": "auctions.category", "pk": 8, "fields": {"category": "Lady's Fashion", "category_desc": "Lady's Fasion Items", "update_ts": "2021-06-21T04:41:00.425Z"}}, {"model": "auctions.category", "pk": 9, "fields": {"category": "Computers", "category_desc": "Computer and Computer Accessaries", "update_ts": "2021-06-21T04:41:00.425Z"}}, {"model": "auctions.category", "pk": 10, "fields": {"category": "Men's Fasion", "category_desc": "Men's Items", "update_ts": "2021-06-21T04:41:00.425Z"}}, {"model": "auctions.category", "pk": 11, "fields": {"category": "Health", "category_desc": "Health Products", "update_ts": "2021-06-21T04:41:00.425Z"}}, {"model": "auctions.category", "pk": 12, "fields": {"category": "Software", "category_desc": "Packaged Software", "update_ts": "2021-06-21T04:41:00.425Z"}}, {"model": "auctions.category", "pk": 13, "fields": {"category": "Tools", "category_desc": "Work Tools For Home repair.", "update_ts": "2021-06-21T04:41:00.425Z"}}, {"model": "auctions.category", "pk": 14, "fields": {"category": "Kitchen", "category_desc": "Kitchen Ware, Cooking utencils", "update_ts": "2021-06-21T04:41:00.425Z"}}, {"model": "auctions.category", "pk": 15, "fields": {"category": "Baby and Child", "category_desc": "Baby and child care items", "update_ts": "2021-06-21T04:41:00.425Z"}}, {"model": "auctions.category", "pk": 16, "fields": {"category": "Personal Care", "category_desc": "Skin care, hair care, fragrance, saving kit", "update_ts": "2021-06-21T04:41:00.425Z"}}, {"model": "auctions.category", "pk": 17, "fields": {"category": "Luggage", "category_desc": "Luggage, Suitcase, Travel Bags", "update_ts": "2021-06-21T04:41:00.425Z"}}, {"model": "auctions.category", "pk": 18, "fields": {"category": "Pictures", "category_desc": "Pictures, Photos", "update_ts": "2021-07-13T04:01:32.783Z"}}, {"model": "auctions.listings", "pk": 1, "fields": {"title": "The Home and the World", "short_desc": "The Home and the World by R Tagore", "details": "A book by Rabindranath Tagore. Set in the early 1900's in Bengal, India, it is a love story in a a politically turbulent time.", "seller": 1, "startingprice": "10.00", "created_ts": "2021-05-23T13:43:31.283Z", "publish": true, "publish_ts": "2021-05-23T13:29:35Z", "closed": true, "pic_url": "https://m.media-amazon.com/images/I/41AOuG8DcDL.jpg", "pic_upload": "http://127.0.0.1:8800/media/images/blank.jpg", "update_ts": "2021-07-16T03:05:18.862Z", "categories": [4, 6]}}, {"model": "auctions.listings", "pk": 2, "fields": {"title": "Greek Drawing 1", "short_desc": "Greek Drawng 1", "details": "Greek Drawing", "seller": 5, "startingprice": "10.00", "created_ts": "2021-05-24T12:31:47.151Z", "publish": true, "publish_ts": "2021-05-24T12:30:47Z", "closed": true, "pic_url": "http://127.0.0.1:8800/media/images/IMG_2996.JPG", "pic_upload": "http://127.0.0.1:8800/media/images/blank.jpg", "update_ts": "2021-07-09T06:49:57.985Z", "categories": [4]}}, {"model": "auctions.listings", "pk": 3, "fields": {"title": "Soccer Ball", "short_desc": "Football or a Soccer Ball", "details": "This is FIFA standard football. Sometimes also called a soccer ball.", "seller": 6, "startingprice": "20.00", "created_ts": "2021-05-24T12:52:36.597Z", "publish": true, "publish_ts": "2021-07-03T09:21:05.661Z", "closed": false, "pic_url": "http://127.0.0.1:8800/media/images/ball.jpg", "pic_upload": "http://127.0.0.1:8800/media/images/blank.jpg", "update_ts": "2021-07-03T09:32:26.918Z", "categories": [3]}}, {"model": "auctions.listings", "pk": 4, "fields": {"title": "Rubgy Ball", "short_desc": "Rubgy Ball Collector's Item", "details": "A Rubgy Ball", "seller": 8, "startingprice": "50.00", "created_ts": "2021-05-25T09:20:29.779Z", "publish": true, "publish_ts": null, "closed": false, "pic_url": "http://127.0.0.1:8800/media/images/rugby.jpg", "pic_upload": "http://127.0.0.1:8800/media/images/blank.jpg", "update_ts": "2021-06-25T13:42:26.529Z", "categories": [3]}}, {"model": "auctions.listings", "pk": 5, "fields": {"title": "Italian Town Pcture", "short_desc": "Italian Town Pcture", "details": "Italian Town Pcture", "seller": 1, "startingprice": "15.00", "created_ts": "2021-06-11T11:40:16.749Z", "publish": true, "publish_ts": "2021-06-11T11:40:09Z", "closed": false, "pic_url": "http://127.0.0.1:8800/media/images/img_chania.jpg", "pic_upload": "http://127.0.0.1:8800/media/images/blank.jpg", "update_ts": "2021-06-25T13:42:17.122Z", "categories": [2, 7, 13]}}, {"model": "auctions.listings", "pk": 6, "fields": {"title": "Django Mascot", "short_desc": "Django Horse Mascot Picture", "details": "Django Horse Mascot Picture", "seller": 4, "startingprice": "25.00", "created_ts": "2021-06-11T11:41:08.632Z", "publish": true, "publish_ts": "2021-06-11T11:40:55Z", "closed": false, "pic_url": "http://127.0.0.1:8800/media/images/djangopony.png", "pic_upload": "images/djangopony.png", "update_ts": "2021-06-20T13:30:26.409Z", "categories": [4, 12]}}, {"model": "auctions.listings", "pk": 7, "fields": {"title": "C Programming Language", "short_desc": "C Program Language, 1st Edition", "details": "The C Programming Language is a computer programming book written by Brian Kernighan and Dennis Ritchie. The authors are the language designers, and is the de facto standard for the language and regarded by many to be the authoritative reference on C.", "seller": 5, "startingprice": "35.00", "created_ts": "2021-06-11T11:42:10.723Z", "publish": true, "publish_ts": null, "closed": true, "pic_url": "http://127.0.0.1:8800/media/images/C_Prog_Lang.png", "pic_upload": "images/C_Prog_Lang.png", "update_ts": "2021-07-09T06:46:15.598Z", "categories": [10]}}, {"model": "auctions.listings", "pk": 8, "fields": {"title": "HTML Awesomemess Book. The maximum allow xxxxxxxxxx xxxxxxxxxxx.", "short_desc": "Short description for a long title. Long Title. This is a long . Short description for a long title. Long Title. This is a long.", "details": "The C Programming Language is a computer programming book written by Brian Kernighan and Dennis Ritchie. The authors are the language designers, and is the de facto standard for the language and regarded by many to be the authoritative reference on C.\r\n\r\nThe C Programming Language is a computer programming book written by Brian Kernighan and Dennis Ritchie. The authors are the language designers, and is the de facto standard for the language and regarded by many to be the authoritative reference on C.\r\n\r\nThe C Programming Language is a computer programming book written by Brian Kernighan and Dennis Ritchie. The authors are the language designers, and is the de facto standard for the language and regarded by many to be the authoritative reference on C.\r\n\r\nThe C Programming Language is a computer programming book written by Brian Kernighan and Dennis Ritchie. The authors are the language designers, and is the de facto standard for the language and regarded by many to be the authoritative reference on C.\r\n\r\nThe C Programming Language is a computer programming book written by Brian Kernighan and Dennis Ritchie. The authors are the language designers, and is the de facto standard for the language and regarded by many to be the authoritative reference on C.\r\n\r\nThe C Programming Language is a computer programming book written by Brian Kernighan and Dennis Ritchie. The authors are the language designers, and is the de facto standard for the language and regarded by many to be the authoritative reference on C.\r\n\r\nThe C Programming Language is a computer programming book written by Brian Kernighan and Dennis Ritchie. The authors are the language designers, and is the de facto standard for the language and regarded by many to be the authoritative reference on C.\r\n\r\nThe C Programming Language is a computer programming book written by Brian Kernighan and Dennis Ritchie. The authors are the language designers, and is the de facto standard for the language and regarded by many to be the authoritative reference on C.\r\n\r\nThe C Programming Language is a computer programming book written by Brian Kernighan and Dennis Ritchie. The authors are the language designers, and is the de facto standard for the language and regarded by many to be the authoritative reference on C.\r\n\r\nThe C Programming Language is a computer programming book written by Brian Kernighan and Dennis Ritchie. The authors are the language designers, and is the de facto standard for the language and regarded by many to be the authoritative reference on C.", "seller": 6, "startingprice": "32.00", "created_ts": "2021-06-11T11:43:33.280Z", "publish": true, "publish_ts": null, "closed": false, "pic_url": "https://encrypted-tbn0.gstatic.com/images?q=tbn:ANd9GcT-li4Qd92her8ggNq2eeAsSSMnO1aXvD9tYA&usqp=CAU", "pic_upload": "http://127.0.0.1:8800/media/images/blank.jpg", "update_ts": "2021-06-20T13:30:26.409Z", "categories": [15, 16]}}, {"model": "auctions.listings", "pk": 9, "fields": {"title": "Python for Kids", "short_desc": "Python for Kids", "details": "This is a book for kid to learn Python programming.", "seller": 5, "startingprice": "2000.00", "created_ts": "2021-06-11T11:44:22.590Z", "publish": true, "publish_ts": null, "closed": false, "pic_url": "https://encrypted-tbn0.gstatic.com/images?q=tbn:ANd9GcRT_0hpsDHkNwFs-IxyOYsYkDc8Agg0Vbca2w&usqp=CAU", "pic_upload": "http://127.0.0.1:8800/media/images/blank.jpg", "update_ts": "2021-06-20T13:30:26.409Z", "categories": [6, 12]}}, {"model": "auctions.listings", "pk": 10, "fields": {"title": "A Different Sky", "short_desc": "A Different Sky, book by Meira Chand - Used", "details": "Singapore - a trading post where different lives jostle and mix. It is 1927, and three young people are starting to question whether this in between island can ever truly be their home. Mei Lan comes from a famous Chinese dynasty but yearns to free herself from its stifling traditions; ten-year-old Howard seethes at the indignities heaped on his fellow Eurasians by the colonial British; Raj, fresh off the boat from India, wants only to work hard and become a successful businessman. As the years pass, and the Second World War sweeps through the east, with the Japanese occupying Singapore, the three are thrown together in unexpected ways, and tested to breaking point.\r\n\r\nRichly evocative, A Different Sky paints a scintillating panorama of thirty tumultuous years in Singapore's history through the passions and struggles of characters the reader will find it hard to forget.", "seller": 6, "startingprice": "20.50", "created_ts": "2021-06-11T11:45:17.489Z", "publish": true, "publish_ts": "2021-06-11T11:45:05Z", "closed": false, "pic_url": "https://d1w7fb2mkkr3kw.cloudfront.net/assets/images/book/mid/9780/0995/9780099546245.jpg", "pic_upload": "http://127.0.0.1:8800/media/images/blank.jpg", "update_ts": "2021-07-16T13:47:53.771Z", "categories": [6]}}, {"model": "auctions.listings", "pk": 11, "fields": {"title": "Exit West", "short_desc": "Exit West by Hamid Moshin", "details": "A wonderful book about migration caused by wars and internal conflict, the various issues the world has to faces as a consequence.", "seller": 1, "startingprice": "12.00", "created_ts": "2021-06-13T04:44:28.508Z", "publish": true, "publish_ts": null, "closed": false, "pic_url": "https://bci.kinokuniya.com/jsp/images/book-img/97802/97802419/9780241979068.JPG", "pic_upload": "http://127.0.0.1:8800/media/images/blank.jpg", "update_ts": "2021-07-11T07:55:15.309Z", "categories": [6]}}, {"model": "auctions.listings", "pk": 13, "fields": {"title": "Easy Origami", "short_desc": "Easy Origami, Paperback, Used.", "details": "Book on Origami, with about 30 projects.", "seller": 1, "startingprice": "120.55", "created_ts": "2021-06-27T10:05:05.602Z", "publish": true, "publish_ts": "2021-06-27T10:05:05.602Z", "closed": false, "pic_url": "https://images-na.ssl-images-amazon.com/images/I/51popQ6rqdL._SX373_BO1,204,203,200_.jpg", "pic_upload": "http://127.0.0.1:8800/media/images/blank.jpg", "update_ts": "2021-06-27T10:05:05.603Z", "categories": []}}, {"model": "auctions.listings", "pk": 26, "fields": {"title": "Tennis Balls", "short_desc": "Set of 4 Tennis Balls", "details": "Set of 4 Tennis Balls, new, made in Spain.", "seller": 1, "startingprice": "8.88", "created_ts": "2021-06-27T16:04:06.951Z", "publish": true, "publish_ts": "2021-06-27T16:04:06Z", "closed": false, "pic_url": "https://www.rd.com/wp-content/uploads/2017/09/Why-You-Should-Always-Fly-with-a-Tennis-Ball-in-Your-Carry-On_523522210_Nuk2013-ft.jpg", "pic_upload": "http://127.0.0.1:8800/media/images/blank.jpg", "update_ts": "2021-07-11T08:23:15.984Z", "categories": [1, 3]}}, {"model": "auctions.listings", "pk": 27, "fields": {"title": "Massage Ball", "short_desc": "Setof 4 MassageBalls", "details": "Spiky and hollow inside. Great for foot messages.", "seller": 1, "startingprice": "65.43", "created_ts": "2021-06-28T04:32:23.661Z", "publish": true, "publish_ts": "2021-06-28T04:32:23Z", "closed": false, "pic_url": "http://127.0.0.1:8800/media/images/massageballs.jpg", "pic_upload": "http://127.0.0.1:8800/media/images/blank.jpg", "update_ts": "2021-07-11T08:24:32.294Z", "categories": []}}, {"model": "auctions.listings", "pk": 29, "fields": {"title": "Singapore Housing Skyline At Dusk", "short_desc": "Singapore Housing Skyline As Dusk", "details": "Singapore at dusk from a flay in a typical housing estate at dusk.", "seller": 1, "startingprice": "5.00", "created_ts": "2021-07-06T07:19:38.933Z", "publish": true, "publish_ts": "2021-07-06T07:19:38Z", "closed": false, "pic_url": "http://127.0.0.1:8800/media/images/SG1.jpg", "pic_upload": "http://127.0.0.1:8800/media/images/blank.jpg", "update_ts": "2021-07-13T04:15:51.707Z", "categories": [4, 18]}}, {"model": "auctions.listings", "pk": 30, "fields": {"title": "New Zealand Routerburn Track 1", "short_desc": "Picture taken in New Zealand Routeburn Track", "details": "Picture taken in New Zealand on the Routeburn Track, taken on day 1.", "seller": 1, "startingprice": "5.00", "created_ts": "2021-07-06T07:22:55.408Z", "publish": true, "publish_ts": "2021-07-06T07:22:55Z", "closed": false, "pic_url": "http://127.0.0.1:8800/media/images/NZ1.jpg", "pic_upload": "http://127.0.0.1:8800/media/images/blank.jpg", "update_ts": "2021-07-13T04:22:04.538Z", "categories": [18]}}, {"model": "auctions.listings", "pk": 31, "fields": {"title": "New Zealand Routeburn Track 2", "short_desc": "Picture on Routeburn Track, New Zealand", "details": "Picture taken on day 1 while tracking on Routeburn Track on day 1.", "seller": 1, "startingprice": "15.15", "created_ts": "2021-07-06T10:40:02.179Z", "publish": true, "publish_ts": "2021-07-06T10:40:02Z", "closed": false, "pic_url": "http://127.0.0.1:8800/media/images/NZ2.jpg", "pic_upload": "http://127.0.0.1:8800/media/images/blank.jpg", "update_ts": "2021-07-13T04:24:11.765Z", "categories": [18]}}, {"model": "auctions.listings", "pk": 33, "fields": {"title": "NZ 3", "short_desc": "NewZealand 3", "details": "Photo Taken During New Zealand Routeburn Track on Day 1.", "seller": 1, "startingprice": "20.00", "created_ts": "2021-07-14T05:55:26.849Z", "publish": true, "publish_ts": "2021-07-14T05:55:26.848Z", "closed": false, "pic_url": "http://127.0.0.1:8800/media/images/NZ3.jpg", "pic_upload": "http://127.0.0.1:8800/media/images/blank.jpg", "update_ts": "2021-07-14T05:55:26.849Z", "categories": [4, 18]}}, {"model": "auctions.listings", "pk": 34, "fields": {"title": "Blank Picture", "short_desc": "A Blank Picture", "details": "A Blank Picture", "seller": 1, "startingprice": "1.00", "created_ts": "2021-07-14T13:41:57.488Z", "publish": true, "publish_ts": "2021-07-14T13:41:57.487Z", "closed": false, "pic_url": "http://127.0.0.1:8800/media/images/blank.jpg", "pic_upload": "http://127.0.0.1:8800/media/images/blank.jpg", "update_ts": "2021-07-14T13:41:57.488Z", "categories": [4]}}, {"model": "auctions.listings", "pk": 35, "fields": {"title": "Of Mice and Men", "short_desc": "A book by John Steinbeck", "details": "A book by John Steinbeck, about two unlikely men, who become friends during the depression year.", "seller": 1, "startingprice": "5.00", "created_ts": "2021-07-16T13:54:39.518Z", "publish": true, "publish_ts": "2021-07-16T13:54:39.518Z", "closed": false, "pic_url": "https://images-na.ssl-images-amazon.com/images/I/31l44Ez9RvS._SX282_BO1,204,203,200_.jpg", "pic_upload": "http://127.0.0.1:8800/media/images/blank.jpg", "update_ts": "2021-07-16T13:54:39.519Z", "categories": [6]}}, {"model": "auctions.listings", "pk": 36, "fields": {"title": "The Crucible", "short_desc": "A play by Arthur Miller", "details": "A book based on historical events that happened in 1692 in Salem. It is about a witch hunt and the trails, and the play is supposed to be a allegory for McCarthyism and the persecution of people accused of being communist in the us in the 1950s.", "seller": 1, "startingprice": "8.00", "created_ts": "2021-07-16T14:05:05.800Z", "publish": true, "publish_ts": "2021-07-16T14:05:05.799Z", "closed": false, "pic_url": "https://images-na.ssl-images-amazon.com/images/I/414wZe6pCVS._SX324_BO1,204,203,200_.jpg", "pic_upload": "http://127.0.0.1:8800/media/images/blank.jpg", "update_ts": "2021-07-16T14:06:25.422Z", "categories": [6]}}, {"model": "auctions.listings", "pk": 37, "fields": {"title": "The God of Small Things", "short_desc": "A book by Arundhati Roy, and winner of the Bookers Prize in 1998", "details": "One of my favourite books, which i have read 3 times.", "seller": 1, "startingprice": "30.00", "created_ts": "2021-07-16T14:45:13.933Z", "publish": true, "publish_ts": "2021-07-16T14:45:13.933Z", "closed": false, "pic_url": "https://images-na.ssl-images-amazon.com/images/I/51kJXkurtRL._SX317_BO1,204,203,200_.jpg", "pic_upload": "http://127.0.0.1:8800/media/images/blank.jpg", "update_ts": "2021-07-16T14:45:13.933Z", "categories": [6]}}, {"model": "auctions.listings", "pk": 38, "fields": {"title": "The Source", "short_desc": "A book by James Michener", "details": "The story explores the ancient history and culture of Israel to mordern times.", "seller": 1, "startingprice": "25.00", "created_ts": "2021-07-16T14:49:26.494Z", "publish": true, "publish_ts": "2021-07-16T14:49:26.494Z", "closed": false, "pic_url": "https://images-na.ssl-images-amazon.com/images/I/41qUm+LBNeL._SX308_BO1,204,203,200_.jpg", "pic_upload": "http://127.0.0.1:8800/media/images/blank.jpg", "update_ts": "2021-07-16T14:49:26.494Z", "categories": [6]}}, {"model": "auctions.listings", "pk": 39, "fields": {"title": "Twelve Angry Men", "short_desc": "Reginald Rose", "details": "This book is about twelve jurors  deliberating a judgment for a boy accused of a killing, and which will lead to capital punishment if found guilty. A captivating drama, whereby one of the jurors will hold out and get all the other to consider the case throughly and without bias, and come to a correct verdict.", "seller": 1, "startingprice": "30.00", "created_ts": "2021-07-17T04:23:56.855Z", "publish": true, "publish_ts": "2021-07-17T04:23:56.854Z", "closed": false, "pic_url": "https://bci.kinokuniya.com/jsp/images/book-img/97801/97801431/9780143104407.JPG", "pic_upload": "http://127.0.0.1:8800/media/images/blank.jpg", "update_ts": "2021-07-17T04:23:56.855Z", "categories": [6]}}, {"model": "auctions.bids", "pk": 26, "fields": {"list_item": 2, "bidder": 1, "bidamt": "10.00", "bid_ts": "2021-07-09T06:47:43.022Z", "bid_accepted": false, "withdrawn": false, "notify_email": "sekar@example.com", "ship_to": 1, "bill_to": 2, "update_ts": "2021-07-09T06:47:43.022Z"}}, {"model": "auctions.bids", "pk": 27, "fields": {"list_item": 2, "bidder": 1, "bidamt": "10.06", "bid_ts": "2021-07-09T06:48:44.704Z", "bid_accepted": true, "withdrawn": false, "notify_email": "sekar@example.com", "ship_to": 1, "bill_to": 7, "update_ts": "2021-07-09T06:49:57.987Z"}}, {"model": "auctions.bids", "pk": 28, "fields": {"list_item": 1, "bidder": 6, "bidamt": "10.00", "bid_ts": "2021-07-15T04:02:52.599Z", "bid_accepted": true, "withdrawn": false, "notify_email": "Alice.Smith@example.com", "ship_to": 8, "bill_to": 8, "update_ts": "2021-07-16T03:05:18.865Z"}}, {"model": "auctions.bids", "pk": 29, "fields": {"list_item": 3, "bidder": 1, "bidamt": "20.00", "bid_ts": "2021-07-16T03:04:53.478Z", "bid_accepted": false, "withdrawn": false, "notify_email": "sekar@example.com", "ship_to": 1, "bill_to": 2, "update_ts": "2021-07-16T03:04:53.478Z"}}, {"model": "auctions.bids", "pk": 30, "fields": {"list_item": 3, "bidder": 5, "bidamt": "20.01", "bid_ts": "2021-07-16T12:57:45.071Z", "bid_accepted": false, "withdrawn": false, "notify_email": "james.smith@example.com", "ship_to": 5, "bill_to": 6, "update_ts": "2021-07-16T12:57:45.071Z"}}, {"model": "auctions.comments", "pk": 1, "fields": {"commenting_user": 5, "commenting_item": 1, "comment_title": "Period Peice", "comment": "Good book, short and introduces you to the times.", "rating": 4, "comment_ts": "2021-06-15T00:00:00Z", "update_ts": "2021-06-21T04:41:00.469Z"}}, {"model": "auctions.comments", "pk": 2, "fields": {"commenting_user": 6, "commenting_item": 2, "comment_title": "Weird Drawing", "comment": "Doesn't look Greek art, look like some mordern pencil drawing", "rating": 1, "comment_ts": "2021-06-15T00:00:00Z", "update_ts": "2021-06-21T04:41:00.469Z"}}, {"model": "auctions.comments", "pk": 3, "fields": {"commenting_user": 6, "commenting_item": 1, "comment_title": "Great book", "comment": "Grea book from a different time and culture.", "rating": 3, "comment_ts": "2021-06-15T00:00:00Z", "update_ts": "2021-06-21T04:41:00.469Z"}}, {"model": "auctions.comments", "pk": 4, "fields": {"commenting_user": 4, "commenting_item": 1, "comment_title": "Long Boring Novel", "comment": "Cannot relate to the old story.\r\n\r\nTest Long comment.Test Long comment.Test Long comment.Test Long comment.Test Long comment.Test Long comment.\r\nTest Long comment.Test Long comment.\r\nTest Long comment.Test Long comment.\r\nTest Long comment.Test Long comment.\r\nTest Long comment.Test Long comment.Test Long comment.Test Long comment.\r\nTest Long comment.Test Long comment.\r\nTest Long comment.Test Long comment.\r\nTest Long comment.Test Long comment.", "rating": 1, "comment_ts": "2021-06-15T00:00:00Z", "update_ts": "2021-07-13T06:41:28.725Z"}}, {"model": "auctions.comments", "pk": 5, "fields": {"commenting_user": 4, "commenting_item": 2, "comment_title": "Great Drawing", "comment": "I can feel the expression on the face.", "rating": 5, "comment_ts": "2021-06-15T04:37:26.773Z", "update_ts": "2021-06-21T04:41:00.469Z"}}, {"model": "auctions.comments", "pk": 6, "fields": {"commenting_user": 8, "commenting_item": 1, "comment_title": "Fantastic Novel", "comment": "An early novel by a great poet and a good transalation.", "rating": 4, "comment_ts": "2021-06-15T04:40:12.998Z", "update_ts": "2021-06-21T04:41:00.469Z"}}, {"model": "auctions.comments", "pk": 7, "fields": {"commenting_user": 1, "commenting_item": 1, "comment_title": "A Good Read", "comment": "I can relate to this novel and and it is set in interest times.", "rating": 4, "comment_ts": "2021-06-15T09:57:26.226Z", "update_ts": "2021-07-13T06:43:06.282Z"}}, {"model": "auctions.comments", "pk": 8, "fields": {"commenting_user": 8, "commenting_item": 1, "comment_title": "Good Story", "comment": "A nice story set in a time of great political change.", "rating": 3, "comment_ts": "2021-06-15T09:58:04.010Z", "update_ts": "2021-07-13T06:48:27.982Z"}}, {"model": "auctions.comments", "pk": 9, "fields": {"commenting_user": 4, "commenting_item": 1, "comment_title": "Dont really understand the story.", "comment": "A complex story set in a difficult time. Things might have been lost in translation too.", "rating": 2, "comment_ts": "2021-06-15T09:58:28.995Z", "update_ts": "2021-07-13T06:52:31.446Z"}}, {"model": "auctions.comments", "pk": 10, "fields": {"commenting_user": 6, "commenting_item": 1, "comment_title": "Very Interesting new world", "comment": "The story is a love triangle, but the whole historical and cultural context the story is set in has opened up a whole new world and experience for me.", "rating": 5, "comment_ts": "2021-06-15T09:58:59.555Z", "update_ts": "2021-07-13T09:29:41.384Z"}}, {"model": "auctions.comments", "pk": 11, "fields": {"commenting_user": 5, "commenting_item": 1, "comment_title": "Good Reviews", "comment": "Comment quoted from Bookdepository.\r\n\r\nQuote.\r\nSet on a Bengali noble's estate in 1908, this is both a love story and a novel of political awakening. The central character, Bimala, is torn between the duties owed to her husband, Nikhil, and the demands made on her by the radical leader, Sandip. Her attempts to resolve the irreconciliable pressures of the home and world reflect the conflict in India itself, and the tragic outcome foreshadows the unrest that accompanied Partition in 1947.\r\nEnd Quote.\r\n\r\nThe reviewer comment and rating are also very positive.", "rating": 4, "comment_ts": "2021-06-15T09:59:24.613Z", "update_ts": "2021-07-13T09:25:59.131Z"}}, {"model": "auctions.comments", "pk": 16, "fields": {"commenting_user": 6, "commenting_item": 3, "comment_title": "Football", "comment": "This is a 2018 FIFA standard football.", "rating": 5, "comment_ts": "2021-07-03T09:31:57.093Z", "update_ts": "2021-07-03T09:31:57.093Z"}}, {"model": "auctions.comments", "pk": 17, "fields": {"commenting_user": 5, "commenting_item": 4, "comment_title": "Old Rubgy Ball", "comment": "This is an old rugby ball. Nobody plays really palys with such a ball. Maybe for collectors.", "rating": 2, "comment_ts": "2021-07-09T07:53:58.662Z", "update_ts": "2021-07-09T07:53:58.662Z"}}, {"model": "auctions.comments", "pk": 18, "fields": {"commenting_user": 1, "commenting_item": 27, "comment_title": "t9 commnet", "comment": "T9 comment", "rating": 0, "comment_ts": "2021-07-09T08:27:23.771Z", "update_ts": "2021-07-09T08:27:23.771Z"}}, {"model": "auctions.comments", "pk": 19, "fields": {"commenting_user": 6, "commenting_item": 2, "comment_title": "Funny Picture", "comment": "I think I can draw this myself.", "rating": 2, "comment_ts": "2021-07-11T06:57:59.513Z", "update_ts": "2021-07-11T06:57:59.513Z"}}, {"model": "auctions.watchlist", "pk": 2, "fields": {"item": 3, "watcher": 5, "watch_ts": "2021-05-25T08:42:55.934Z", "suspend_watch": false, "suspend_ts": null, "notify_email": "james.smith@example.com", "update_ts": "2021-06-21T04:41:00.516Z"}}, {"model": "auctions.watchlist", "pk": 4, "fields": {"item": 4, "watcher": 5, "watch_ts": "2021-06-13T05:05:16.627Z", "suspend_watch": false, "suspend_ts": null, "notify_email": "james.smith@example.com", "update_ts": "2021-06-21T04:41:00.516Z"}}, {"model": "auctions.watchlist", "pk": 5, "fields": {"item": 7, "watcher": 1, "watch_ts": "2021-06-13T05:05:41.338Z", "suspend_watch": false, "suspend_ts": null, "notify_email": "sekar@example.com", "update_ts": "2021-06-21T04:41:00.516Z"}}, {"model": "auctions.watchlist", "pk": 16, "fields": {"item": 6, "watcher": 1, "watch_ts": "2021-06-18T10:15:26.857Z", "suspend_watch": false, "suspend_ts": null, "notify_email": "sekar@example.com", "update_ts": "2021-06-21T04:41:00.516Z"}}, {"model": "auctions.watchlist", "pk": 22, "fields": {"item": 5, "watcher": 1, "watch_ts": "2021-06-18T14:32:51.365Z", "suspend_watch": false, "suspend_ts": null, "notify_email": "sekar@example.com", "update_ts": "2021-06-21T04:41:00.516Z"}}, {"model": "auctions.watchlist", "pk": 25, "fields": {"item": 9, "watcher": 1, "watch_ts": "2021-06-18T14:34:10.006Z", "suspend_watch": false, "suspend_ts": null, "notify_email": "sekar@example.com", "update_ts": "2021-06-21T04:41:00.516Z"}}, {"model": "auctions.watchlist", "pk": 30, "fields": {"item": 1, "watcher": 5, "watch_ts": "2021-06-24T04:08:43.119Z", "suspend_watch": false, "suspend_ts": null, "notify_email": "james.smith@example.com", "update_ts": "2021-06-24T04:08:43.119Z"}}, {"model": "auctions.watchlist", "pk": 34, "fields": {"item": 27, "watcher": 1, "watch_ts": "2021-07-09T08:29:03.738Z", "suspend_watch": false, "suspend_ts": null, "notify_email": "sekar@example.com", "update_ts": "2021-07-09T08:29:03.738Z"}}, {"model": "auctions.watchlist", "pk": 35, "fields": {"item": 4, "watcher": 1, "watch_ts": "2021-07-09T10:23:31.607Z", "suspend_watch": false, "suspend_ts": null, "notify_email": "sekar@example.com", "update_ts": "2021-07-09T10:23:31.608Z"}}, {"model": "auctions.watchlist", "pk": 37, "fields": {"item": 1, "watcher": 6, "watch_ts": "2021-07-15T04:03:08.673Z", "suspend_watch": false, "suspend_ts": null, "notify_email": "Alice.Smith@example.com", "update_ts": "2021-07-15T04:03:08.673Z"}}, {"model": "auctions.watchlist", "pk": 38, "fields": {"item": 11, "watcher": 1, "watch_ts": "2021-07-15T12:55:44.847Z", "suspend_watch": false, "suspend_ts": null, "notify_email": "sekar@example.com", "update_ts": "2021-07-15T12:55:44.847Z"}}, {"model": "auctions.watchlist", "pk": 39, "fields": {"item": 10, "watcher": 1, "watch_ts": "2021-07-15T12:56:03.654Z", "suspend_watch": false, "suspend_ts": null, "notify_email": "sekar@example.com", "update_ts": "2021-07-15T12:56:03.654Z"}}, {"model": "admin.logentry", "pk": 1, "fields": {"action_time": "2021-05-23T13:22:32.725Z", "user": 1, "content_type": 1, "object_id": "2", "object_repr": "James Smith", "action_flag": 1, "change_message": "[{\"added\": {}}]"}}, {"model": "admin.logentry", "pk": 2, "fields": {"action_time": "2021-05-23T13:23:51.516Z", "user": 1, "content_type": 1, "object_id": "3", "object_repr": "Alice Smith", "action_flag": 1, "change_message": "[{\"added\": {}}]"}}, {"model": "admin.logentry", "pk": 3, "fields": {"action_time": "2021-05-23T13:24:28.151Z", "user": 1, "content_type": 1, "object_id": "1", "object_repr": "Sekar Nagappan", "action_flag": 2, "change_message": "[{\"changed\": {\"fields\": [\"First name\", \"Last name\"]}}]"}}, {"model": "admin.logentry", "pk": 4, "fields": {"action_time": "2021-05-23T13:25:02.870Z", "user": 1, "content_type": 8, "object_id": "1", "object_repr": "Toys", "action_flag": 1, "change_message": "[{\"added\": {}}]"}}, {"model": "admin.logentry", "pk": 5, "fields": {"action_time": "2021-05-23T13:26:10.334Z", "user": 1, "content_type": 8, "object_id": "2", "object_repr": "Electronics", "action_flag": 1, "change_message": "[{\"added\": {}}]"}}, {"model": "admin.logentry", "pk": 6, "fields": {"action_time": "2021-05-23T13:26:53.231Z", "user": 1, "content_type": 8, "object_id": "3", "object_repr": "Sports", "action_flag": 1, "change_message": "[{\"added\": {}}]"}}, {"model": "admin.logentry", "pk": 7, "fields": {"action_time": "2021-05-23T13:27:25.049Z", "user": 1, "content_type": 8, "object_id": "4", "object_repr": "Art", "action_flag": 1, "change_message": "[{\"added\": {}}]"}}, {"model": "admin.logentry", "pk": 8, "fields": {"action_time": "2021-05-23T13:27:43.049Z", "user": 1, "content_type": 8, "object_id": "5", "object_repr": "Clothings", "action_flag": 1, "change_message": "[{\"added\": {}}]"}}, {"model": "admin.logentry", "pk": 9, "fields": {"action_time": "2021-05-23T13:43:31.313Z", "user": 1, "content_type": 9, "object_id": "1", "object_repr": "Greek Drawing 1: \"Greek Drawing 1\" (Published)", "action_flag": 1, "change_message": "[{\"added\": {}}]"}}, {"model": "admin.logentry", "pk": 10, "fields": {"action_time": "2021-05-24T05:11:55.815Z", "user": 1, "content_type": 1, "object_id": "2", "object_repr": "James Smith", "action_flag": 2, "change_message": "[{\"changed\": {\"fields\": [\"Staff status\"]}}]"}}, {"model": "admin.logentry", "pk": 11, "fields": {"action_time": "2021-05-24T05:19:02.815Z", "user": 1, "content_type": 1, "object_id": "2", "object_repr": "James Smith", "action_flag": 2, "change_message": "[{\"changed\": {\"fields\": [\"Password\"]}}]"}}, {"model": "admin.logentry", "pk": 12, "fields": {"action_time": "2021-05-24T05:20:10.688Z", "user": 1, "content_type": 1, "object_id": "2", "object_repr": "James Smith", "action_flag": 3, "change_message": ""}}, {"model": "admin.logentry", "pk": 13, "fields": {"action_time": "2021-05-24T05:20:21.013Z", "user": 1, "content_type": 1, "object_id": "3", "object_repr": "Alice Smith", "action_flag": 3, "change_message": ""}}, {"model": "admin.logentry", "pk": 14, "fields": {"action_time": "2021-05-24T05:22:02.444Z", "user": 1, "content_type": 1, "object_id": "5", "object_repr": "James Smith", "action_flag": 2, "change_message": "[{\"changed\": {\"fields\": [\"First name\", \"Last name\", \"Staff status\"]}}]"}}, {"model": "admin.logentry", "pk": 15, "fields": {"action_time": "2021-05-24T05:22:21.981Z", "user": 1, "content_type": 1, "object_id": "6", "object_repr": "Alice Smith", "action_flag": 2, "change_message": "[{\"changed\": {\"fields\": [\"First name\", \"Last name\"]}}]"}}, {"model": "admin.logentry", "pk": 16, "fields": {"action_time": "2021-05-24T06:29:08.094Z", "user": 1, "content_type": 9, "object_id": "1", "object_repr": "The Home and the World: \"The Home and the World by R Tagore\" (Published)", "action_flag": 2, "change_message": "[{\"changed\": {\"fields\": [\"Listing Title\", \"Short Desc\", \"Long Desc\", \"Starting Price\", \"Picture URL\"]}}]"}}, {"model": "admin.logentry", "pk": 17, "fields": {"action_time": "2021-05-24T12:25:37.911Z", "user": 1, "content_type": 9, "object_id": "1", "object_repr": "The Home and the World: \"The Home and the World by R Tagore\" (Published)", "action_flag": 2, "change_message": "[]"}}, {"model": "admin.logentry", "pk": 18, "fields": {"action_time": "2021-05-24T12:31:47.197Z", "user": 1, "content_type": 9, "object_id": "2", "object_repr": "Greek Drawing 1: \"Greek Drawng 1\" (Draft)", "action_flag": 1, "change_message": "[{\"added\": {}}]"}}, {"model": "admin.logentry", "pk": 19, "fields": {"action_time": "2021-05-24T12:33:20.258Z", "user": 1, "content_type": 1, "object_id": "4", "object_repr": "Big John Boyle", "action_flag": 2, "change_message": "[{\"changed\": {\"fields\": [\"First name\", \"Last name\"]}}]"}}, {"model": "admin.logentry", "pk": 20, "fields": {"action_time": "2021-05-24T12:34:35.479Z", "user": 1, "content_type": 7, "object_id": "1", "object_repr": "User: Sekar Nagappan Addresse: Mr Sekar Nagappan", "action_flag": 1, "change_message": "[{\"added\": {}}]"}}, {"model": "admin.logentry", "pk": 21, "fields": {"action_time": "2021-05-24T12:35:25.893Z", "user": 1, "content_type": 7, "object_id": "2", "object_repr": "User: Sekar Nagappan Addresse: Mr N Sekkappan", "action_flag": 1, "change_message": "[{\"added\": {}}]"}}, {"model": "admin.logentry", "pk": 22, "fields": {"action_time": "2021-05-24T12:35:39.038Z", "user": 1, "content_type": 7, "object_id": "2", "object_repr": "User: Sekar Nagappan Addresse: Mr N Sekkappan", "action_flag": 2, "change_message": "[]"}}, {"model": "admin.logentry", "pk": 23, "fields": {"action_time": "2021-05-24T12:35:48.089Z", "user": 1, "content_type": 7, "object_id": "1", "object_repr": "User: Sekar Nagappan Addresse: Mr Sekar Nagappan", "action_flag": 2, "change_message": "[{\"changed\": {\"fields\": [\"Billing?\", \"Default Bill?\"]}}]"}}, {"model": "admin.logentry", "pk": 24, "fields": {"action_time": "2021-05-24T12:36:41.247Z", "user": 1, "content_type": 7, "object_id": "3", "object_repr": "User: Sekar Nagappan Addresse: Mr N Sekkappan", "action_flag": 1, "change_message": "[{\"added\": {}}]"}}, {"model": "admin.logentry", "pk": 25, "fields": {"action_time": "2021-05-24T12:37:55.178Z", "user": 1, "content_type": 7, "object_id": "4", "object_repr": "User: Big John Boyle Addresse: Mr Big John Boyle", "action_flag": 1, "change_message": "[{\"added\": {}}]"}}, {"model": "admin.logentry", "pk": 26, "fields": {"action_time": "2021-05-24T12:38:48.858Z", "user": 1, "content_type": 7, "object_id": "5", "object_repr": "User: James Smith Addresse: Mr James Smith", "action_flag": 1, "change_message": "[{\"added\": {}}]"}}, {"model": "admin.logentry", "pk": 27, "fields": {"action_time": "2021-05-24T12:39:40.387Z", "user": 1, "content_type": 7, "object_id": "6", "object_repr": "User: James Smith Addresse: Mr James Smith", "action_flag": 1, "change_message": "[{\"added\": {}}]"}}, {"model": "admin.logentry", "pk": 28, "fields": {"action_time": "2021-05-24T12:40:26.089Z", "user": 1, "content_type": 8, "object_id": "6", "object_repr": "Books", "action_flag": 1, "change_message": "[{\"added\": {}}]"}}, {"model": "admin.logentry", "pk": 29, "fields": {"action_time": "2021-05-24T12:40:58.575Z", "user": 1, "content_type": 9, "object_id": "1", "object_repr": "The Home and the World: \"The Home and the World by R Tagore\" (Published)", "action_flag": 2, "change_message": "[{\"changed\": {\"fields\": [\"Categories\"]}}]"}}, {"model": "admin.logentry", "pk": 30, "fields": {"action_time": "2021-05-24T12:44:02.130Z", "user": 1, "content_type": 11, "object_id": "1", "object_repr": "Item: The Home and the World: \"The Home and the World by R Tagore\" (Published) Bidder: Big John Boyle Amt: 10 Status:Active", "action_flag": 1, "change_message": "[{\"added\": {}}]"}}, {"model": "admin.logentry", "pk": 31, "fields": {"action_time": "2021-05-24T12:52:36.649Z", "user": 1, "content_type": 9, "object_id": "3", "object_repr": "Soccer Ball: \"Soccer Ball\" (Draft)", "action_flag": 1, "change_message": "[{\"added\": {}}]"}}, {"model": "admin.logentry", "pk": 32, "fields": {"action_time": "2021-05-24T13:01:19.360Z", "user": 1, "content_type": 11, "object_id": "1", "object_repr": "Item: The Home and the World: \"The Home and the World by R Tagore\" (Published) Bidder: Big John Boyle Amt: 10.00 Status:Active", "action_flag": 2, "change_message": "[]"}}, {"model": "admin.logentry", "pk": 33, "fields": {"action_time": "2021-05-24T13:02:01.608Z", "user": 1, "content_type": 12, "object_id": "1", "object_repr": "Watchlist object (1)", "action_flag": 1, "change_message": "[{\"added\": {}}]"}}, {"model": "admin.logentry", "pk": 34, "fields": {"action_time": "2021-05-24T13:06:58.248Z", "user": 1, "content_type": 10, "object_id": "1", "object_repr": "User :James Smith List Item :The Home and the World: \"The Home and the World by R Tagore\" (Published) Title :Period Peice", "action_flag": 1, "change_message": "[{\"added\": {}}]"}}, {"model": "admin.logentry", "pk": 35, "fields": {"action_time": "2021-05-24T13:18:51.362Z", "user": 1, "content_type": 9, "object_id": "3", "object_repr": "Soccer Ball: \"Soccer Ball\" (Draft)", "action_flag": 2, "change_message": "[{\"changed\": {\"fields\": [\"Picture URL\"]}}]"}}, {"model": "admin.logentry", "pk": 36, "fields": {"action_time": "2021-05-24T13:19:46.491Z", "user": 1, "content_type": 9, "object_id": "3", "object_repr": "Soccer Ball: \"Soccer Ball\" (Draft)", "action_flag": 2, "change_message": "[{\"changed\": {\"fields\": [\"Picture URL\"]}}]"}}, {"model": "admin.logentry", "pk": 37, "fields": {"action_time": "2021-05-25T08:02:31.076Z", "user": 1, "content_type": 9, "object_id": "3", "object_repr": "Soccer Ball: \"Soccer Ball\" (Draft)", "action_flag": 2, "change_message": "[{\"changed\": {\"fields\": [\"Picture URL\"]}}]"}}, {"model": "admin.logentry", "pk": 38, "fields": {"action_time": "2021-05-25T08:40:34.639Z", "user": 1, "content_type": 9, "object_id": "3", "object_repr": "Soccer Ball: \"Soccer Ball\" (Draft)", "action_flag": 2, "change_message": "[]"}}, {"model": "admin.logentry", "pk": 39, "fields": {"action_time": "2021-05-25T08:41:53.386Z", "user": 1, "content_type": 11, "object_id": "2", "object_repr": "Item: The Home and the World: \"The Home and the World by R Tagore\" (Published) Bidder: Alice Smith Amt: 15 Status:Active", "action_flag": 1, "change_message": "[{\"added\": {}}]"}}, {"model": "admin.logentry", "pk": 40, "fields": {"action_time": "2021-05-25T08:42:26.365Z", "user": 1, "content_type": 11, "object_id": "3", "object_repr": "Item: Soccer Ball: \"Soccer Ball\" (Draft) Bidder: James Smith Amt: 30 Status:Active", "action_flag": 1, "change_message": "[{\"added\": {}}]"}}, {"model": "admin.logentry", "pk": 41, "fields": {"action_time": "2021-05-25T08:42:55.960Z", "user": 1, "content_type": 12, "object_id": "2", "object_repr": "Watchlist object (2)", "action_flag": 1, "change_message": "[{\"added\": {}}]"}}, {"model": "admin.logentry", "pk": 42, "fields": {"action_time": "2021-05-25T08:44:31.722Z", "user": 1, "content_type": 10, "object_id": "2", "object_repr": "User :Alice Smith List Item :Greek Drawing 1: \"Greek Drawng 1\" (Draft) Title :Weird Drawing", "action_flag": 1, "change_message": "[{\"added\": {}}]"}}, {"model": "admin.logentry", "pk": 43, "fields": {"action_time": "2021-05-25T09:20:29.801Z", "user": 1, "content_type": 9, "object_id": "4", "object_repr": "Rubgy Ball: \"Rubgy Ball Collector's Item\" (Published)", "action_flag": 1, "change_message": "[{\"added\": {}}]"}}, {"model": "admin.logentry", "pk": 44, "fields": {"action_time": "2021-05-25T09:21:13.198Z", "user": 1, "content_type": 9, "object_id": "4", "object_repr": "Rubgy Ball: \"Rubgy Ball Collector's Item\" (Published)", "action_flag": 2, "change_message": "[{\"changed\": {\"fields\": [\"Picture URL\"]}}]"}}, {"model": "admin.logentry", "pk": 45, "fields": {"action_time": "2021-05-25T09:21:40.193Z", "user": 1, "content_type": 9, "object_id": "4", "object_repr": "Rubgy Ball: \"Rubgy Ball Collector's Item\" (Published)", "action_flag": 2, "change_message": "[{\"changed\": {\"fields\": [\"Picture URL\"]}}]"}}, {"model": "admin.logentry", "pk": 46, "fields": {"action_time": "2021-05-25T09:23:50.055Z", "user": 1, "content_type": 9, "object_id": "4", "object_repr": "Rubgy Ball: \"Rubgy Ball Collector's Item\" (Published)", "action_flag": 2, "change_message": "[]"}}, {"model": "admin.logentry", "pk": 47, "fields": {"action_time": "2021-05-25T09:25:33.257Z", "user": 1, "content_type": 8, "object_id": "7", "object_repr": "Home", "action_flag": 1, "change_message": "[{\"added\": {}}]"}}, {"model": "admin.logentry", "pk": 48, "fields": {"action_time": "2021-05-25T09:26:18.580Z", "user": 1, "content_type": 8, "object_id": "8", "object_repr": "Fashion", "action_flag": 1, "change_message": "[{\"added\": {}}]"}}, {"model": "admin.logentry", "pk": 49, "fields": {"action_time": "2021-05-25T09:33:26.577Z", "user": 1, "content_type": 4, "object_id": "1", "object_repr": "useradmin", "action_flag": 1, "change_message": "[{\"added\": {}}]"}}, {"model": "admin.logentry", "pk": 50, "fields": {"action_time": "2021-05-25T09:35:58.055Z", "user": 1, "content_type": 4, "object_id": "2", "object_repr": "guest", "action_flag": 1, "change_message": "[{\"added\": {}}]"}}, {"model": "admin.logentry", "pk": 51, "fields": {"action_time": "2021-05-25T10:05:51.632Z", "user": 1, "content_type": 4, "object_id": "3", "object_repr": "Seller", "action_flag": 1, "change_message": "[{\"added\": {}}]"}}, {"model": "admin.logentry", "pk": 52, "fields": {"action_time": "2021-05-25T10:08:04.827Z", "user": 1, "content_type": 4, "object_id": "4", "object_repr": "Customers", "action_flag": 1, "change_message": "[{\"added\": {}}]"}}, {"model": "admin.logentry", "pk": 53, "fields": {"action_time": "2021-05-25T10:09:55.318Z", "user": 1, "content_type": 1, "object_id": "5", "object_repr": "James Smith", "action_flag": 2, "change_message": "[{\"changed\": {\"fields\": [\"Groups\"]}}]"}}, {"model": "admin.logentry", "pk": 54, "fields": {"action_time": "2021-05-25T10:10:14.683Z", "user": 1, "content_type": 4, "object_id": "4", "object_repr": "customers", "action_flag": 2, "change_message": "[{\"changed\": {\"fields\": [\"Name\"]}}]"}}, {"model": "admin.logentry", "pk": 55, "fields": {"action_time": "2021-05-25T10:10:49.237Z", "user": 1, "content_type": 4, "object_id": "3", "object_repr": "seller", "action_flag": 2, "change_message": "[{\"changed\": {\"fields\": [\"Name\"]}}]"}}, {"model": "admin.logentry", "pk": 56, "fields": {"action_time": "2021-05-25T10:11:11.564Z", "user": 1, "content_type": 1, "object_id": "6", "object_repr": "Alice Smith", "action_flag": 2, "change_message": "[{\"changed\": {\"fields\": [\"Groups\"]}}]"}}, {"model": "admin.logentry", "pk": 57, "fields": {"action_time": "2021-05-25T10:11:23.276Z", "user": 1, "content_type": 1, "object_id": "4", "object_repr": "Big John Boyle", "action_flag": 2, "change_message": "[{\"changed\": {\"fields\": [\"Groups\"]}}]"}}, {"model": "admin.logentry", "pk": 58, "fields": {"action_time": "2021-05-25T10:13:38.637Z", "user": 1, "content_type": 1, "object_id": "7", "object_repr": "John Doe", "action_flag": 1, "change_message": "[{\"added\": {}}]"}}, {"model": "admin.logentry", "pk": 59, "fields": {"action_time": "2021-05-25T10:16:27.050Z", "user": 1, "content_type": 1, "object_id": "7", "object_repr": "John Doe", "action_flag": 3, "change_message": ""}}, {"model": "admin.logentry", "pk": 60, "fields": {"action_time": "2021-05-25T10:18:28.548Z", "user": 1, "content_type": 1, "object_id": "8", "object_repr": "John Doe", "action_flag": 2, "change_message": "[{\"changed\": {\"fields\": [\"Groups\", \"First name\", \"Last name\"]}}]"}}, {"model": "admin.logentry", "pk": 61, "fields": {"action_time": "2021-06-05T06:18:19.655Z", "user": 1, "content_type": 1, "object_id": "9", "object_repr": "User2 Tester", "action_flag": 2, "change_message": "[{\"changed\": {\"fields\": [\"First name\", \"Last name\", \"Email address\"]}}]"}}, {"model": "admin.logentry", "pk": 62, "fields": {"action_time": "2021-06-08T13:33:08.955Z", "user": 1, "content_type": 8, "object_id": "9", "object_repr": "Computers", "action_flag": 1, "change_message": "[{\"added\": {}}]"}}, {"model": "admin.logentry", "pk": 63, "fields": {"action_time": "2021-06-08T13:33:58.243Z", "user": 1, "content_type": 8, "object_id": "2", "object_repr": "Electronics", "action_flag": 2, "change_message": "[{\"changed\": {\"fields\": [\"Category desc\"]}}]"}}, {"model": "admin.logentry", "pk": 64, "fields": {"action_time": "2021-06-08T13:34:14.433Z", "user": 1, "content_type": 8, "object_id": "4", "object_repr": "Art And Crafts", "action_flag": 2, "change_message": "[{\"changed\": {\"fields\": [\"Category\"]}}]"}}, {"model": "admin.logentry", "pk": 65, "fields": {"action_time": "2021-06-08T13:35:06.698Z", "user": 1, "content_type": 8, "object_id": "8", "object_repr": "Lady's Fashion", "action_flag": 2, "change_message": "[{\"changed\": {\"fields\": [\"Category\", \"Category desc\"]}}]"}}, {"model": "admin.logentry", "pk": 66, "fields": {"action_time": "2021-06-08T13:35:26.815Z", "user": 1, "content_type": 8, "object_id": "10", "object_repr": "Men's Fasion", "action_flag": 1, "change_message": "[{\"added\": {}}]"}}, {"model": "admin.logentry", "pk": 67, "fields": {"action_time": "2021-06-08T13:35:49.181Z", "user": 1, "content_type": 8, "object_id": "11", "object_repr": "Health", "action_flag": 1, "change_message": "[{\"added\": {}}]"}}, {"model": "admin.logentry", "pk": 68, "fields": {"action_time": "2021-06-08T13:36:13.011Z", "user": 1, "content_type": 8, "object_id": "12", "object_repr": "Software", "action_flag": 1, "change_message": "[{\"added\": {}}]"}}, {"model": "admin.logentry", "pk": 69, "fields": {"action_time": "2021-06-08T13:37:08.949Z", "user": 1, "content_type": 8, "object_id": "13", "object_repr": "Tools", "action_flag": 1, "change_message": "[{\"added\": {}}]"}}, {"model": "admin.logentry", "pk": 70, "fields": {"action_time": "2021-06-08T13:37:47.564Z", "user": 1, "content_type": 8, "object_id": "1", "object_repr": "Toys and Games", "action_flag": 2, "change_message": "[{\"changed\": {\"fields\": [\"Category\", \"Category desc\"]}}]"}}, {"model": "admin.logentry", "pk": 71, "fields": {"action_time": "2021-06-08T13:38:29.655Z", "user": 1, "content_type": 8, "object_id": "14", "object_repr": "Kitchen", "action_flag": 1, "change_message": "[{\"added\": {}}]"}}, {"model": "admin.logentry", "pk": 72, "fields": {"action_time": "2021-06-08T13:40:21.264Z", "user": 1, "content_type": 8, "object_id": "15", "object_repr": "Baby and Child", "action_flag": 1, "change_message": "[{\"added\": {}}]"}}, {"model": "admin.logentry", "pk": 73, "fields": {"action_time": "2021-06-08T13:41:51.596Z", "user": 1, "content_type": 8, "object_id": "16", "object_repr": "Personal Care", "action_flag": 1, "change_message": "[{\"added\": {}}]"}}, {"model": "admin.logentry", "pk": 74, "fields": {"action_time": "2021-06-08T15:25:15.748Z", "user": 1, "content_type": 8, "object_id": "17", "object_repr": "Luggage", "action_flag": 1, "change_message": "[{\"added\": {}}]"}}, {"model": "admin.logentry", "pk": 75, "fields": {"action_time": "2021-06-09T12:25:48.730Z", "user": 1, "content_type": 9, "object_id": "4", "object_repr": "Rubgy Ball: \"Rubgy Ball Collector's Item\" (Published)", "action_flag": 2, "change_message": "[{\"changed\": {\"fields\": [\"Categories\"]}}]"}}, {"model": "admin.logentry", "pk": 76, "fields": {"action_time": "2021-06-11T11:40:16.797Z", "user": 1, "content_type": 9, "object_id": "5", "object_repr": "Item 2: \"Short Desc Item 2\" (Published)", "action_flag": 1, "change_message": "[{\"added\": {}}]"}}, {"model": "admin.logentry", "pk": 77, "fields": {"action_time": "2021-06-11T11:41:08.673Z", "user": 1, "content_type": 9, "object_id": "6", "object_repr": "Item 3: \"Short Desc Item 2\" (Published)", "action_flag": 1, "change_message": "[{\"added\": {}}]"}}, {"model": "admin.logentry", "pk": 78, "fields": {"action_time": "2021-06-11T11:41:26.868Z", "user": 1, "content_type": 9, "object_id": "5", "object_repr": "Item 2: \"Short Desc Item 2\" (Published)", "action_flag": 2, "change_message": "[{\"changed\": {\"fields\": [\"Categories\"]}}]"}}, {"model": "admin.logentry", "pk": 79, "fields": {"action_time": "2021-06-11T11:42:10.730Z", "user": 1, "content_type": 9, "object_id": "7", "object_repr": "Item 4: \"Short Desc Item 4\" (Published)", "action_flag": 1, "change_message": "[{\"added\": {}}]"}}, {"model": "admin.logentry", "pk": 80, "fields": {"action_time": "2021-06-11T11:43:33.294Z", "user": 1, "content_type": 9, "object_id": "8", "object_repr": "Item 5: \"Short esc Item 5\" (Published)", "action_flag": 1, "change_message": "[{\"added\": {}}]"}}, {"model": "admin.logentry", "pk": 81, "fields": {"action_time": "2021-06-11T11:44:22.596Z", "user": 1, "content_type": 9, "object_id": "9", "object_repr": "Item 6: \"Short Description item 6\" (Published)", "action_flag": 1, "change_message": "[{\"added\": {}}]"}}, {"model": "admin.logentry", "pk": 82, "fields": {"action_time": "2021-06-11T11:45:17.495Z", "user": 1, "content_type": 9, "object_id": "10", "object_repr": "Item 7: \"Short description item 7\" (Published)", "action_flag": 1, "change_message": "[{\"added\": {}}]"}}, {"model": "admin.logentry", "pk": 83, "fields": {"action_time": "2021-06-11T15:15:59.810Z", "user": 1, "content_type": 9, "object_id": "2", "object_repr": "Greek Drawing 1: \"Greek Drawng 1\" (Draft)", "action_flag": 2, "change_message": "[{\"changed\": {\"fields\": [\"Details\", \"Picture URL\"]}}]"}}, {"model": "admin.logentry", "pk": 84, "fields": {"action_time": "2021-06-11T15:35:53.969Z", "user": 1, "content_type": 9, "object_id": "2", "object_repr": "Greek Drawing 1: \"Greek Drawng 1\" (Draft)", "action_flag": 2, "change_message": "[{\"changed\": {\"fields\": [\"Picture URL\"]}}]"}}, {"model": "admin.logentry", "pk": 85, "fields": {"action_time": "2021-06-11T15:37:42.121Z", "user": 1, "content_type": 9, "object_id": "2", "object_repr": "Greek Drawing 1: \"Greek Drawng 1\" (Draft)", "action_flag": 2, "change_message": "[{\"changed\": {\"fields\": [\"Picture URL\"]}}]"}}, {"model": "admin.logentry", "pk": 86, "fields": {"action_time": "2021-06-12T03:01:05.414Z", "user": 1, "content_type": 9, "object_id": "3", "object_repr": "Soccer Ball: \"Soccer Ball\" (Draft)", "action_flag": 2, "change_message": "[{\"changed\": {\"fields\": [\"Details\", \"Picture URL\"]}}]"}}, {"model": "admin.logentry", "pk": 87, "fields": {"action_time": "2021-06-12T03:01:43.036Z", "user": 1, "content_type": 9, "object_id": "4", "object_repr": "Rubgy Ball: \"Rubgy Ball Collector's Item\" (Published)", "action_flag": 2, "change_message": "[{\"changed\": {\"fields\": [\"Details\", \"Picture URL\"]}}]"}}, {"model": "admin.logentry", "pk": 88, "fields": {"action_time": "2021-06-12T03:03:10.910Z", "user": 1, "content_type": 9, "object_id": "4", "object_repr": "Rubgy Ball: \"Rubgy Ball Collector's Item\" (Published)", "action_flag": 2, "change_message": "[]"}}, {"model": "admin.logentry", "pk": 89, "fields": {"action_time": "2021-06-12T03:04:19.395Z", "user": 1, "content_type": 9, "object_id": "5", "object_repr": "Item 2: \"Short Desc Item 2\" (Published)", "action_flag": 2, "change_message": "[{\"changed\": {\"fields\": [\"Picture URL\"]}}]"}}, {"model": "admin.logentry", "pk": 90, "fields": {"action_time": "2021-06-12T03:04:56.635Z", "user": 1, "content_type": 9, "object_id": "5", "object_repr": "Item 2: \"Short Desc Item 2\" (Published)", "action_flag": 2, "change_message": "[]"}}, {"model": "admin.logentry", "pk": 91, "fields": {"action_time": "2021-06-12T03:05:12.540Z", "user": 1, "content_type": 9, "object_id": "6", "object_repr": "Item 3: \"Short Desc Item 2\" (Published)", "action_flag": 2, "change_message": "[{\"changed\": {\"fields\": [\"Picture URL\"]}}]"}}, {"model": "admin.logentry", "pk": 92, "fields": {"action_time": "2021-06-12T03:05:24.242Z", "user": 1, "content_type": 9, "object_id": "7", "object_repr": "Item 4: \"Short Desc Item 4\" (Published)", "action_flag": 2, "change_message": "[{\"changed\": {\"fields\": [\"Picture URL\"]}}]"}}, {"model": "admin.logentry", "pk": 93, "fields": {"action_time": "2021-06-12T03:06:51.594Z", "user": 1, "content_type": 9, "object_id": "8", "object_repr": "Item 5: \"Short esc Item 5\" (Published)", "action_flag": 2, "change_message": "[{\"changed\": {\"fields\": [\"Picture URL\"]}}]"}}, {"model": "admin.logentry", "pk": 94, "fields": {"action_time": "2021-06-12T03:07:02.998Z", "user": 1, "content_type": 9, "object_id": "9", "object_repr": "Item 6: \"Short Description item 6\" (Published)", "action_flag": 2, "change_message": "[{\"changed\": {\"fields\": [\"Picture URL\"]}}]"}}, {"model": "admin.logentry", "pk": 95, "fields": {"action_time": "2021-06-12T03:07:16.180Z", "user": 1, "content_type": 9, "object_id": "10", "object_repr": "Item 7: \"Short description item 7\" (Published)", "action_flag": 2, "change_message": "[{\"changed\": {\"fields\": [\"Picture URL\"]}}]"}}, {"model": "admin.logentry", "pk": 96, "fields": {"action_time": "2021-06-12T03:27:49.357Z", "user": 1, "content_type": 9, "object_id": "6", "object_repr": "Item 3: \"Short Desc Item 2\" (Published)", "action_flag": 2, "change_message": "[{\"changed\": {\"fields\": [\"Upload Picture\"]}}]"}}, {"model": "admin.logentry", "pk": 97, "fields": {"action_time": "2021-06-12T03:30:42.355Z", "user": 1, "content_type": 9, "object_id": "6", "object_repr": "Item 3: \"Short Desc Item 2\" (Published)", "action_flag": 2, "change_message": "[{\"changed\": {\"fields\": [\"Picture URL\"]}}]"}}, {"model": "admin.logentry", "pk": 98, "fields": {"action_time": "2021-06-12T04:15:13.532Z", "user": 1, "content_type": 9, "object_id": "7", "object_repr": "C Programming Language: \"C Program Language, 1st Edition\" (Published)", "action_flag": 2, "change_message": "[{\"changed\": {\"fields\": [\"Listing Title\", \"Short Desc\", \"Details\", \"Upload Picture\"]}}]"}}, {"model": "admin.logentry", "pk": 99, "fields": {"action_time": "2021-06-12T04:16:06.960Z", "user": 1, "content_type": 9, "object_id": "7", "object_repr": "C Programming Language: \"C Program Language, 1st Edition\" (Published)", "action_flag": 2, "change_message": "[{\"changed\": {\"fields\": [\"Picture URL\"]}}]"}}, {"model": "admin.logentry", "pk": 100, "fields": {"action_time": "2021-06-12T04:33:55.372Z", "user": 1, "content_type": 9, "object_id": "8", "object_repr": "Long Title. This is a long title for testing. The maximum allow.: \"Short description for a long title. Long Title. This is a long .\" (Published)", "action_flag": 2, "change_message": "[{\"changed\": {\"fields\": [\"Listing Title\", \"Short Desc\"]}}]"}}, {"model": "admin.logentry", "pk": 101, "fields": {"action_time": "2021-06-12T04:37:06.473Z", "user": 1, "content_type": 9, "object_id": "8", "object_repr": "Long Title. This is a long title for testing. The maximum allow.: \"Short description for a long title. Long Title. This is a long . Short description for a long title. Long Title. This is a long.\" (Pu", "action_flag": 2, "change_message": "[{\"changed\": {\"fields\": [\"Short Desc\"]}}]"}}, {"model": "admin.logentry", "pk": 102, "fields": {"action_time": "2021-06-12T07:46:54.269Z", "user": 1, "content_type": 9, "object_id": "9", "object_repr": "Item 6: \"Short Description item 6\" (Published)", "action_flag": 2, "change_message": "[{\"changed\": {\"fields\": [\"Categories\", \"Picture URL\"]}}]"}}, {"model": "admin.logentry", "pk": 103, "fields": {"action_time": "2021-06-12T07:48:03.089Z", "user": 1, "content_type": 9, "object_id": "9", "object_repr": "Python for Kids: \"Python for Kids\" (Published)", "action_flag": 2, "change_message": "[{\"changed\": {\"fields\": [\"Listing Title\", \"Short Desc\", \"Details\"]}}]"}}, {"model": "admin.logentry", "pk": 104, "fields": {"action_time": "2021-06-12T07:56:57.371Z", "user": 1, "content_type": 9, "object_id": "8", "object_repr": "Long Title. This is a long title for testing. The maximum allow.: \"Short description for a long title. Long Title. This is a long . Short description for a long title. Long Title. This is a long.\" (Pu", "action_flag": 2, "change_message": "[{\"changed\": {\"fields\": [\"Picture URL\"]}}]"}}, {"model": "admin.logentry", "pk": 105, "fields": {"action_time": "2021-06-12T07:59:02.656Z", "user": 1, "content_type": 9, "object_id": "8", "object_repr": "Long Title. This is a long title for testing. The maximum allow.: \"Short description for a long title. Long Title. This is a long . Short description for a long title. Long Title. This is a long.\" (Pu", "action_flag": 2, "change_message": "[{\"changed\": {\"fields\": [\"Picture URL\"]}}]"}}, {"model": "admin.logentry", "pk": 106, "fields": {"action_time": "2021-06-12T08:01:09.793Z", "user": 1, "content_type": 9, "object_id": "8", "object_repr": "Long Title. This is a long title for testing. The maximum allow.: \"Short description for a long title. Long Title. This is a long . Short description for a long title. Long Title. This is a long.\" (Pu", "action_flag": 2, "change_message": "[{\"changed\": {\"fields\": [\"Picture URL\"]}}]"}}, {"model": "admin.logentry", "pk": 107, "fields": {"action_time": "2021-06-12T09:08:56.888Z", "user": 1, "content_type": 9, "object_id": "1", "object_repr": "The Home and the World: \"The Home and the World by R Tagore\" (Closed)", "action_flag": 2, "change_message": "[{\"changed\": {\"fields\": [\"Details\", \"Bidding Closed\"]}}]"}}, {"model": "admin.logentry", "pk": 108, "fields": {"action_time": "2021-06-12T09:14:09.767Z", "user": 1, "content_type": 9, "object_id": "1", "object_repr": "The Home and the World: \"The Home and the World by R Tagore\" (Published)", "action_flag": 2, "change_message": "[{\"changed\": {\"fields\": [\"Bidding Closed\"]}}]"}}, {"model": "admin.logentry", "pk": 109, "fields": {"action_time": "2021-06-12T09:14:55.904Z", "user": 1, "content_type": 9, "object_id": "2", "object_repr": "Greek Drawing 1: \"Greek Drawng 1\" (Published)", "action_flag": 2, "change_message": "[{\"changed\": {\"fields\": [\"Publish\"]}}]"}}, {"model": "admin.logentry", "pk": 110, "fields": {"action_time": "2021-06-12T09:15:06.210Z", "user": 1, "content_type": 9, "object_id": "3", "object_repr": "Soccer Ball: \"Soccer Ball\" (Draft)", "action_flag": 2, "change_message": "[]"}}, {"model": "admin.logentry", "pk": 111, "fields": {"action_time": "2021-06-12T09:17:16.150Z", "user": 1, "content_type": 9, "object_id": "3", "object_repr": "Soccer Ball: \"Soccer Ball\" (Published)", "action_flag": 2, "change_message": "[{\"changed\": {\"fields\": [\"Publish\", \"Publish Timestamp\"]}}]"}}, {"model": "admin.logentry", "pk": 112, "fields": {"action_time": "2021-06-12T09:21:41.096Z", "user": 1, "content_type": 11, "object_id": "1", "object_repr": "Item: The Home and the World: \"The Home and the World by R Tagore\" (Published) Bidder: Big John Boyle Amt: 10.10 Status:Active", "action_flag": 2, "change_message": "[{\"changed\": {\"fields\": [\"Bib Price\"]}}]"}}, {"model": "admin.logentry", "pk": 113, "fields": {"action_time": "2021-06-13T04:43:14.725Z", "user": 1, "content_type": 9, "object_id": "2", "object_repr": "Greek Drawing 1: \"Greek Drawng 1\" (Closed)", "action_flag": 2, "change_message": "[{\"changed\": {\"fields\": [\"Bidding Closed\"]}}]"}}, {"model": "admin.logentry", "pk": 114, "fields": {"action_time": "2021-06-13T04:44:28.590Z", "user": 1, "content_type": 9, "object_id": "11", "object_repr": "Item 11: \"Item 11\" (Draft)", "action_flag": 1, "change_message": "[{\"added\": {}}]"}}, {"model": "admin.logentry", "pk": 115, "fields": {"action_time": "2021-06-13T04:53:32.069Z", "user": 1, "content_type": 9, "object_id": "11", "object_repr": "Item 11: \"Item 11\" (Published)", "action_flag": 2, "change_message": "[{\"changed\": {\"fields\": [\"Starting Price\", \"Publish\"]}}]"}}, {"model": "admin.logentry", "pk": 116, "fields": {"action_time": "2021-06-13T05:04:29.587Z", "user": 1, "content_type": 12, "object_id": "3", "object_repr": "Watchlist object (3)", "action_flag": 1, "change_message": "[{\"added\": {}}]"}}, {"model": "admin.logentry", "pk": 117, "fields": {"action_time": "2021-06-13T05:05:16.629Z", "user": 1, "content_type": 12, "object_id": "4", "object_repr": "Watchlist object (4)", "action_flag": 1, "change_message": "[{\"added\": {}}]"}}, {"model": "admin.logentry", "pk": 118, "fields": {"action_time": "2021-06-13T05:05:41.340Z", "user": 1, "content_type": 12, "object_id": "5", "object_repr": "Watchlist object (5)", "action_flag": 1, "change_message": "[{\"added\": {}}]"}}, {"model": "admin.logentry", "pk": 119, "fields": {"action_time": "2021-06-13T05:06:39.399Z", "user": 1, "content_type": 12, "object_id": "6", "object_repr": "Watchlist object (6)", "action_flag": 1, "change_message": "[{\"added\": {}}]"}}, {"model": "admin.logentry", "pk": 120, "fields": {"action_time": "2021-06-13T05:46:40.138Z", "user": 1, "content_type": 12, "object_id": "5", "object_repr": "Watchlist object (5)", "action_flag": 2, "change_message": "[{\"changed\": {\"fields\": [\"Watch Item\"]}}]"}}, {"model": "admin.logentry", "pk": 121, "fields": {"action_time": "2021-06-13T07:33:43.313Z", "user": 1, "content_type": 9, "object_id": "6", "object_repr": "Django Mascot: \"Django Horse Mascot Picture\" (Published)", "action_flag": 2, "change_message": "[{\"changed\": {\"fields\": [\"Listing Title\", \"Short Desc\", \"Details\", \"Categories\"]}}]"}}, {"model": "admin.logentry", "pk": 122, "fields": {"action_time": "2021-06-13T07:34:23.559Z", "user": 1, "content_type": 9, "object_id": "5", "object_repr": "Italian Town Pcture: \"Italian Town Pcture\" (Published)", "action_flag": 2, "change_message": "[{\"changed\": {\"fields\": [\"Listing Title\", \"Short Desc\", \"Details\"]}}]"}}, {"model": "admin.logentry", "pk": 123, "fields": {"action_time": "2021-06-13T08:54:45.298Z", "user": 1, "content_type": 9, "object_id": "8", "object_repr": "HTML Awesomemess Book. The maximum allow xxxxxxxxxx xxxxxxxxxxx.: \"Short description for a long title. Long Title. This is a long . Short description for a long title. Long Title. This is a long.\" (Pu", "action_flag": 2, "change_message": "[{\"changed\": {\"fields\": [\"Listing Title\", \"Details\"]}}]"}}, {"model": "admin.logentry", "pk": 124, "fields": {"action_time": "2021-06-14T10:02:24.163Z", "user": 1, "content_type": 9, "object_id": "1", "object_repr": "The Home and the World: \"The Home and the World by R Tagore\" (Closed)", "action_flag": 2, "change_message": "[{\"changed\": {\"fields\": [\"Bidding Closed\"]}}]"}}, {"model": "admin.logentry", "pk": 125, "fields": {"action_time": "2021-06-14T13:20:56.110Z", "user": 1, "content_type": 10, "object_id": "3", "object_repr": "User :alice List Item :The Home and the World: \"The Home and the World by R Tagore\" (Closed) Title :Great book", "action_flag": 1, "change_message": "[{\"added\": {}}]"}}, {"model": "admin.logentry", "pk": 126, "fields": {"action_time": "2021-06-15T03:44:55.043Z", "user": 1, "content_type": 10, "object_id": "4", "object_repr": "User :bigjohn List Item :The Home and the World: \"The Home and the World by R Tagore\" (Closed) Title :Long Boring Novel", "action_flag": 1, "change_message": "[{\"added\": {}}]"}}, {"model": "admin.logentry", "pk": 127, "fields": {"action_time": "2021-06-15T03:49:23.616Z", "user": 1, "content_type": 9, "object_id": "1", "object_repr": "The Home and the World: \"The Home and the World by R Tagore\" (Closed)", "action_flag": 2, "change_message": "[{\"changed\": {\"fields\": [\"Details\"]}}]"}}, {"model": "admin.logentry", "pk": 128, "fields": {"action_time": "2021-06-15T04:36:04.875Z", "user": 1, "content_type": 10, "object_id": "1", "object_repr": "User :james List Item :The Home and the World: \"The Home and the World by R Tagore\" (Closed) Title :Period Peice", "action_flag": 2, "change_message": "[]"}}, {"model": "admin.logentry", "pk": 129, "fields": {"action_time": "2021-06-15T04:37:26.799Z", "user": 1, "content_type": 10, "object_id": "5", "object_repr": "User :bigjohn List Item :Greek Drawing 1: \"Greek Drawng 1\" (Closed) Title :Great Drawing", "action_flag": 1, "change_message": "[{\"added\": {}}]"}}, {"model": "admin.logentry", "pk": 130, "fields": {"action_time": "2021-06-15T04:40:13.031Z", "user": 1, "content_type": 10, "object_id": "6", "object_repr": "User :johndoe List Item :The Home and the World: \"The Home and the World by R Tagore\" (Closed) Title :Fantastic Novel", "action_flag": 1, "change_message": "[{\"added\": {}}]"}}, {"model": "admin.logentry", "pk": 131, "fields": {"action_time": "2021-06-15T07:46:59.228Z", "user": 1, "content_type": 10, "object_id": "4", "object_repr": "User :bigjohn List Item :The Home and the World: \"The Home and the World by R Tagore\" (Closed) Title :Long Boring Novel", "action_flag": 2, "change_message": "[{\"changed\": {\"fields\": [\"Ratings\"]}}]"}}, {"model": "admin.logentry", "pk": 132, "fields": {"action_time": "2021-06-15T07:48:20.823Z", "user": 1, "content_type": 10, "object_id": "4", "object_repr": "User :bigjohn List Item :The Home and the World: \"The Home and the World by R Tagore\" (Closed) Title :Long Boring Novel", "action_flag": 2, "change_message": "[{\"changed\": {\"fields\": [\"Comment\"]}}]"}}, {"model": "admin.logentry", "pk": 133, "fields": {"action_time": "2021-06-15T09:55:49.640Z", "user": 1, "content_type": 9, "object_id": "1", "object_repr": "The Home and the World: \"The Home and the World by R Tagore\" (Published)", "action_flag": 2, "change_message": "[{\"changed\": {\"fields\": [\"Bidding Closed\"]}}]"}}, {"model": "admin.logentry", "pk": 134, "fields": {"action_time": "2021-06-15T09:57:26.239Z", "user": 1, "content_type": 10, "object_id": "7", "object_repr": "User :sekar List Item :The Home and the World: \"The Home and the World by R Tagore\" (Published) Title :My Comment 1", "action_flag": 1, "change_message": "[{\"added\": {}}]"}}, {"model": "admin.logentry", "pk": 135, "fields": {"action_time": "2021-06-15T09:58:04.012Z", "user": 1, "content_type": 10, "object_id": "8", "object_repr": "User :User2 List Item :The Home and the World: \"The Home and the World by R Tagore\" (Published) Title :User 2 Comment", "action_flag": 1, "change_message": "[{\"added\": {}}]"}}, {"model": "admin.logentry", "pk": 136, "fields": {"action_time": "2021-06-15T09:58:28.997Z", "user": 1, "content_type": 10, "object_id": "9", "object_repr": "User :User3 List Item :The Home and the World: \"The Home and the World by R Tagore\" (Published) Title :User 3 Commnet", "action_flag": 1, "change_message": "[{\"added\": {}}]"}}, {"model": "admin.logentry", "pk": 137, "fields": {"action_time": "2021-06-15T09:58:59.558Z", "user": 1, "content_type": 10, "object_id": "10", "object_repr": "User :User4 List Item :The Home and the World: \"The Home and the World by R Tagore\" (Published) Title :User 4 Comment", "action_flag": 1, "change_message": "[{\"added\": {}}]"}}, {"model": "admin.logentry", "pk": 138, "fields": {"action_time": "2021-06-15T09:59:24.616Z", "user": 1, "content_type": 10, "object_id": "11", "object_repr": "User :User5 List Item :The Home and the World: \"The Home and the World by R Tagore\" (Published) Title :User 5 Commnet", "action_flag": 1, "change_message": "[{\"added\": {}}]"}}, {"model": "admin.logentry", "pk": 139, "fields": {"action_time": "2021-06-15T11:09:50.471Z", "user": 1, "content_type": 12, "object_id": "3", "object_repr": "Watchlist object (3)", "action_flag": 2, "change_message": "[{\"changed\": {\"fields\": [\"Suspend Watch\", \"Suspend Time\"]}}]"}}, {"model": "admin.logentry", "pk": 140, "fields": {"action_time": "2021-06-16T14:45:54.961Z", "user": 1, "content_type": 12, "object_id": "9", "object_repr": "Watchlist object (9)", "action_flag": 3, "change_message": ""}}, {"model": "admin.logentry", "pk": 141, "fields": {"action_time": "2021-06-16T14:45:54.987Z", "user": 1, "content_type": 12, "object_id": "8", "object_repr": "Watchlist object (8)", "action_flag": 3, "change_message": ""}}, {"model": "admin.logentry", "pk": 142, "fields": {"action_time": "2021-06-16T14:45:54.989Z", "user": 1, "content_type": 12, "object_id": "7", "object_repr": "Watchlist object (7)", "action_flag": 3, "change_message": ""}}, {"model": "admin.logentry", "pk": 143, "fields": {"action_time": "2021-06-18T07:24:00.020Z", "user": 1, "content_type": 12, "object_id": "12", "object_repr": "Watchlist object (12)", "action_flag": 3, "change_message": ""}}, {"model": "admin.logentry", "pk": 144, "fields": {"action_time": "2021-06-18T07:25:33.552Z", "user": 1, "content_type": 12, "object_id": "10", "object_repr": "Watchlist object (10)", "action_flag": 2, "change_message": "[{\"changed\": {\"fields\": [\"Suspend Watch\", \"Suspend Time\"]}}]"}}, {"model": "admin.logentry", "pk": 145, "fields": {"action_time": "2021-06-18T12:53:39.423Z", "user": 1, "content_type": 12, "object_id": "14", "object_repr": "Watchlist object (14)", "action_flag": 3, "change_message": ""}}, {"model": "admin.logentry", "pk": 146, "fields": {"action_time": "2021-06-18T12:53:39.452Z", "user": 1, "content_type": 12, "object_id": "13", "object_repr": "Watchlist object (13)", "action_flag": 3, "change_message": ""}}, {"model": "admin.logentry", "pk": 147, "fields": {"action_time": "2021-06-18T12:53:39.455Z", "user": 1, "content_type": 12, "object_id": "10", "object_repr": "Watchlist object (10)", "action_flag": 3, "change_message": ""}}, {"model": "admin.logentry", "pk": 148, "fields": {"action_time": "2021-06-18T12:53:39.458Z", "user": 1, "content_type": 12, "object_id": "6", "object_repr": "Watchlist object (6)", "action_flag": 3, "change_message": ""}}, {"model": "admin.logentry", "pk": 149, "fields": {"action_time": "2021-06-18T12:53:39.460Z", "user": 1, "content_type": 12, "object_id": "3", "object_repr": "Watchlist object (3)", "action_flag": 3, "change_message": ""}}, {"model": "admin.logentry", "pk": 150, "fields": {"action_time": "2021-06-19T04:37:16.270Z", "user": 1, "content_type": 11, "object_id": "4", "object_repr": "Item: The Home and the World: \"The Home and the World by R Tagore\" (Published) Bidder: sekar Amt: 20.00 Status:Active", "action_flag": 1, "change_message": "[{\"added\": {}}]"}}, {"model": "admin.logentry", "pk": 151, "fields": {"action_time": "2021-06-19T04:37:36.785Z", "user": 1, "content_type": 11, "object_id": "2", "object_repr": "Item: The Home and the World: \"The Home and the World by R Tagore\" (Published) Bidder: alice Amt: 25.00 Status:Active", "action_flag": 2, "change_message": "[{\"changed\": {\"fields\": [\"Bib Price\"]}}]"}}, {"model": "admin.logentry", "pk": 152, "fields": {"action_time": "2021-06-19T04:38:16.898Z", "user": 1, "content_type": 11, "object_id": "5", "object_repr": "Item: Soccer Ball: \"Soccer Ball\" (Published) Bidder: sekar Amt: 32 Status:Active", "action_flag": 1, "change_message": "[{\"added\": {}}]"}}, {"model": "admin.logentry", "pk": 153, "fields": {"action_time": "2021-06-19T04:49:47.108Z", "user": 1, "content_type": 11, "object_id": "4", "object_repr": "Item: The Home and the World: \"The Home and the World by R Tagore\" (Published) Bidder: sekar Amt: 20.00 Status:Active", "action_flag": 3, "change_message": ""}}, {"model": "admin.logentry", "pk": 154, "fields": {"action_time": "2021-06-19T04:51:25.612Z", "user": 1, "content_type": 11, "object_id": "6", "object_repr": "Item: Django Mascot: \"Django Horse Mascot Picture\" (Published) Bidder: james Amt: 20 Status:Active", "action_flag": 1, "change_message": "[{\"added\": {}}]"}}, {"model": "admin.logentry", "pk": 155, "fields": {"action_time": "2021-06-19T04:52:00.491Z", "user": 1, "content_type": 11, "object_id": "6", "object_repr": "Item: Django Mascot: \"Django Horse Mascot Picture\" (Published) Bidder: james Amt: 26.00 Status:Active", "action_flag": 2, "change_message": "[{\"changed\": {\"fields\": [\"Bib Price\"]}}]"}}, {"model": "admin.logentry", "pk": 156, "fields": {"action_time": "2021-06-19T04:52:53.789Z", "user": 1, "content_type": 11, "object_id": "7", "object_repr": "Item: Django Mascot: \"Django Horse Mascot Picture\" (Published) Bidder: sekar Amt: 28 Status:Active", "action_flag": 1, "change_message": "[{\"added\": {}}]"}}, {"model": "admin.logentry", "pk": 157, "fields": {"action_time": "2021-06-19T04:53:08.235Z", "user": 1, "content_type": 11, "object_id": "6", "object_repr": "Item: Django Mascot: \"Django Horse Mascot Picture\" (Published) Bidder: james Amt: 30 Status:Active", "action_flag": 2, "change_message": "[{\"changed\": {\"fields\": [\"Bib Price\"]}}]"}}, {"model": "admin.logentry", "pk": 158, "fields": {"action_time": "2021-06-20T06:10:29.827Z", "user": 1, "content_type": 11, "object_id": "8", "object_repr": "Item: Django Mascot: \"Django Horse Mascot Picture\" (Published) Bidder: sekar Amt: 30.01 Status:Active", "action_flag": 2, "change_message": "[]"}}, {"model": "admin.logentry", "pk": 159, "fields": {"action_time": "2021-06-20T06:10:54.226Z", "user": 1, "content_type": 11, "object_id": "11", "object_repr": "Item: Soccer Ball: \"Soccer Ball\" (Published) Bidder: sekar Amt: 32.15 Status:Active", "action_flag": 2, "change_message": "[{\"changed\": {\"fields\": [\"Bib Price\"]}}]"}}, {"model": "admin.logentry", "pk": 160, "fields": {"action_time": "2021-06-20T06:12:22.847Z", "user": 1, "content_type": 11, "object_id": "12", "object_repr": "Item: Rubgy Ball: \"Rubgy Ball Collector's Item\" (Published) Bidder: alice Amt: 20 Status:Active", "action_flag": 1, "change_message": "[{\"added\": {}}]"}}, {"model": "admin.logentry", "pk": 161, "fields": {"action_time": "2021-06-20T06:13:10.073Z", "user": 1, "content_type": 9, "object_id": "4", "object_repr": "Rubgy Ball: \"Rubgy Ball Collector's Item\" (Published)", "action_flag": 2, "change_message": "[{\"changed\": {\"fields\": [\"Seller\"]}}]"}}, {"model": "admin.logentry", "pk": 162, "fields": {"action_time": "2021-06-20T08:41:48.464Z", "user": 1, "content_type": 11, "object_id": "17", "object_repr": "Item: HTML Awesomemess Book. The maximum allow xxxxxxxxxx xxxxxxxxxxx.: \"Short description for a long title. Long Title. This is a long . Short description for a long title. Long Title. This is a long", "action_flag": 3, "change_message": ""}}, {"model": "admin.logentry", "pk": 163, "fields": {"action_time": "2021-06-20T08:41:48.468Z", "user": 1, "content_type": 11, "object_id": "16", "object_repr": "Item: Rubgy Ball: \"Rubgy Ball Collector's Item\" (Published) Bidder: sekar Amt: 20.61 Status:Active", "action_flag": 3, "change_message": ""}}, {"model": "admin.logentry", "pk": 164, "fields": {"action_time": "2021-06-20T08:41:48.471Z", "user": 1, "content_type": 11, "object_id": "15", "object_repr": "Item: Rubgy Ball: \"Rubgy Ball Collector's Item\" (Published) Bidder: sekar Amt: 20.57 Status:Active", "action_flag": 3, "change_message": ""}}, {"model": "admin.logentry", "pk": 165, "fields": {"action_time": "2021-06-20T08:41:48.474Z", "user": 1, "content_type": 11, "object_id": "14", "object_repr": "Item: Rubgy Ball: \"Rubgy Ball Collector's Item\" (Published) Bidder: sekar Amt: 20.55 Status:Active", "action_flag": 3, "change_message": ""}}, {"model": "admin.logentry", "pk": 166, "fields": {"action_time": "2021-06-20T08:41:48.513Z", "user": 1, "content_type": 11, "object_id": "13", "object_repr": "Item: Rubgy Ball: \"Rubgy Ball Collector's Item\" (Published) Bidder: sekar Amt: 20.50 Status:Active", "action_flag": 3, "change_message": ""}}, {"model": "admin.logentry", "pk": 167, "fields": {"action_time": "2021-06-20T08:41:48.516Z", "user": 1, "content_type": 11, "object_id": "12", "object_repr": "Item: Rubgy Ball: \"Rubgy Ball Collector's Item\" (Published) Bidder: alice Amt: 20.00 Status:Active", "action_flag": 3, "change_message": ""}}, {"model": "admin.logentry", "pk": 168, "fields": {"action_time": "2021-06-20T10:15:10.888Z", "user": 1, "content_type": 11, "object_id": "2", "object_repr": "Item: The Home and the World: \"The Home and the World by R Tagore\" (Published) Bidder: alice Amt: 25.00 Status:Active", "action_flag": 2, "change_message": "[{\"changed\": {\"fields\": [\"Withdrawan\"]}}]"}}, {"model": "admin.logentry", "pk": 169, "fields": {"action_time": "2021-06-20T10:15:33.094Z", "user": 1, "content_type": 11, "object_id": "2", "object_repr": "Item: The Home and the World: \"The Home and the World by R Tagore\" (Published) Bidder: alice Amt: 25.00 Status:Active", "action_flag": 2, "change_message": "[{\"changed\": {\"fields\": [\"Withdrawan\"]}}]"}}, {"model": "admin.logentry", "pk": 170, "fields": {"action_time": "2021-06-20T14:17:06.040Z", "user": 1, "content_type": 11, "object_id": "19", "object_repr": "Item: HTML Awesomemess Book. The maximum allow xxxxxxxxxx xxxxxxxxxxx.: \"Short description for a long title. Long Title. This is a long . Short description for a long title. Long Title. This is a long", "action_flag": 3, "change_message": ""}}, {"model": "admin.logentry", "pk": 171, "fields": {"action_time": "2021-06-20T14:17:21.279Z", "user": 1, "content_type": 11, "object_id": "18", "object_repr": "Item: HTML Awesomemess Book. The maximum allow xxxxxxxxxx xxxxxxxxxxx.: \"Short description for a long title. Long Title. This is a long . Short description for a long title. Long Title. This is a long", "action_flag": 3, "change_message": ""}}, {"model": "admin.logentry", "pk": 172, "fields": {"action_time": "2021-06-20T14:27:28.980Z", "user": 1, "content_type": 11, "object_id": "20", "object_repr": "Item: The Home and the World: \"The Home and the World by R Tagore\" (Closed) Bidder: alice Amt: 0.00 Status:Active", "action_flag": 3, "change_message": ""}}, {"model": "admin.logentry", "pk": 173, "fields": {"action_time": "2021-06-20T14:27:42.367Z", "user": 1, "content_type": 9, "object_id": "1", "object_repr": "The Home and the World: \"The Home and the World by R Tagore\" (Published)", "action_flag": 2, "change_message": "[{\"changed\": {\"fields\": [\"Bidding Closed\"]}}]"}}, {"model": "admin.logentry", "pk": 174, "fields": {"action_time": "2021-06-20T14:35:17.040Z", "user": 1, "content_type": 11, "object_id": "21", "object_repr": "Item: The Home and the World: \"The Home and the World by R Tagore\" (Closed) Bidder: alice Amt: 25.00 Status:Active", "action_flag": 3, "change_message": ""}}, {"model": "admin.logentry", "pk": 175, "fields": {"action_time": "2021-06-20T14:35:27.630Z", "user": 1, "content_type": 9, "object_id": "1", "object_repr": "The Home and the World: \"The Home and the World by R Tagore\" (Published)", "action_flag": 2, "change_message": "[{\"changed\": {\"fields\": [\"Bidding Closed\"]}}]"}}, {"model": "admin.logentry", "pk": 176, "fields": {"action_time": "2021-06-21T04:38:20.353Z", "user": 1, "content_type": 9, "object_id": "1", "object_repr": "The Home and the World: \"The Home and the World by R Tagore\" (Published)", "action_flag": 2, "change_message": "[{\"changed\": {\"fields\": [\"Bidding Closed\"]}}]"}}, {"model": "admin.logentry", "pk": 177, "fields": {"action_time": "2021-06-21T04:38:42.418Z", "user": 1, "content_type": 11, "object_id": "2", "object_repr": "Item: The Home and the World: \"The Home and the World by R Tagore\" (Published) Bidder: alice Amt: 25.00 Status:Active", "action_flag": 2, "change_message": "[{\"changed\": {\"fields\": [\"Bid Accpeted\"]}}]"}}, {"model": "admin.logentry", "pk": 178, "fields": {"action_time": "2021-06-21T04:49:12.241Z", "user": 1, "content_type": 9, "object_id": "2", "object_repr": "Greek Drawing 1: \"Greek Drawng 1\" (Published)", "action_flag": 2, "change_message": "[{\"changed\": {\"fields\": [\"Bidding Closed\"]}}]"}}, {"model": "admin.logentry", "pk": 179, "fields": {"action_time": "2021-06-21T05:08:36.223Z", "user": 1, "content_type": 9, "object_id": "3", "object_repr": "Soccer Ball: \"Soccer Ball\" (Published)", "action_flag": 2, "change_message": "[{\"changed\": {\"fields\": [\"Bidding Closed\"]}}]"}}, {"model": "admin.logentry", "pk": 180, "fields": {"action_time": "2021-06-21T05:08:47.448Z", "user": 1, "content_type": 11, "object_id": "11", "object_repr": "Item: Soccer Ball: \"Soccer Ball\" (Published) Bidder: sekar Amt: 32.15 Status:Active", "action_flag": 2, "change_message": "[{\"changed\": {\"fields\": [\"Bid Accpeted\"]}}]"}}, {"model": "admin.logentry", "pk": 181, "fields": {"action_time": "2021-06-23T12:28:27.086Z", "user": 1, "content_type": 10, "object_id": "15", "object_repr": "User :james List Item :The Home and the World: \"The Home and the World by R Tagore\" (Closed) Title :Test 2", "action_flag": 3, "change_message": ""}}, {"model": "admin.logentry", "pk": 182, "fields": {"action_time": "2021-06-23T12:28:27.176Z", "user": 1, "content_type": 10, "object_id": "14", "object_repr": "User :james List Item :The Home and the World: \"The Home and the World by R Tagore\" (Closed) Title :Test Commnet", "action_flag": 3, "change_message": ""}}, {"model": "admin.logentry", "pk": 183, "fields": {"action_time": "2021-06-23T12:28:27.179Z", "user": 1, "content_type": 10, "object_id": "13", "object_repr": "User :james List Item :The Home and the World: \"The Home and the World by R Tagore\" (Closed) Title :Comment 2", "action_flag": 3, "change_message": ""}}, {"model": "admin.logentry", "pk": 184, "fields": {"action_time": "2021-06-23T12:28:27.182Z", "user": 1, "content_type": 10, "object_id": "12", "object_repr": "User :james List Item :The Home and the World: \"The Home and the World by R Tagore\" (Closed) Title :Comment 1", "action_flag": 3, "change_message": ""}}, {"model": "admin.logentry", "pk": 185, "fields": {"action_time": "2021-06-25T13:41:24.480Z", "user": 1, "content_type": 11, "object_id": "16", "object_repr": "Item: C Programming Language: \"C Program Language, 1st Edition\" (Published) Bidder: bigjohn Amt: 35.00 Status:Active", "action_flag": 3, "change_message": ""}}, {"model": "admin.logentry", "pk": 186, "fields": {"action_time": "2021-06-25T13:41:24.509Z", "user": 1, "content_type": 11, "object_id": "15", "object_repr": "Item: Django Mascot: \"Django Horse Mascot Picture\" (Published) Bidder: johndoe Amt: 30.50 Status:Active", "action_flag": 3, "change_message": ""}}, {"model": "admin.logentry", "pk": 187, "fields": {"action_time": "2021-06-25T13:41:24.511Z", "user": 1, "content_type": 11, "object_id": "14", "object_repr": "Item: Rubgy Ball: \"Rubgy Ball Collector's Item\" (Closed) Bidder: james Amt: 50.05 Status:Active", "action_flag": 3, "change_message": ""}}, {"model": "admin.logentry", "pk": 188, "fields": {"action_time": "2021-06-25T13:41:24.514Z", "user": 1, "content_type": 11, "object_id": "13", "object_repr": "Item: Greek Drawing 1: \"Greek Drawng 1\" (Closed) Bidder: sekar Amt: 10.00 Status:Active", "action_flag": 3, "change_message": ""}}, {"model": "admin.logentry", "pk": 189, "fields": {"action_time": "2021-06-25T13:41:24.517Z", "user": 1, "content_type": 11, "object_id": "12", "object_repr": "Item: Italian Town Pcture: \"Italian Town Pcture\" (Closed) Bidder: alice Amt: 16.00 Status:Active", "action_flag": 3, "change_message": ""}}, {"model": "admin.logentry", "pk": 190, "fields": {"action_time": "2021-06-25T13:41:24.520Z", "user": 1, "content_type": 11, "object_id": "11", "object_repr": "Item: Soccer Ball: \"Soccer Ball\" (Closed) Bidder: sekar Amt: 32.15 Status:Active", "action_flag": 3, "change_message": ""}}, {"model": "admin.logentry", "pk": 191, "fields": {"action_time": "2021-06-25T13:41:24.523Z", "user": 1, "content_type": 11, "object_id": "10", "object_repr": "Item: Soccer Ball: \"Soccer Ball\" (Closed) Bidder: sekar Amt: 32.09 Status:Active", "action_flag": 3, "change_message": ""}}, {"model": "admin.logentry", "pk": 192, "fields": {"action_time": "2021-06-25T13:41:24.558Z", "user": 1, "content_type": 11, "object_id": "9", "object_repr": "Item: Soccer Ball: \"Soccer Ball\" (Closed) Bidder: sekar Amt: 32.05 Status:Active", "action_flag": 3, "change_message": ""}}, {"model": "admin.logentry", "pk": 193, "fields": {"action_time": "2021-06-25T13:41:24.854Z", "user": 1, "content_type": 11, "object_id": "8", "object_repr": "Item: Django Mascot: \"Django Horse Mascot Picture\" (Published) Bidder: sekar Amt: 30.01 Status:Active", "action_flag": 3, "change_message": ""}}, {"model": "admin.logentry", "pk": 194, "fields": {"action_time": "2021-06-25T13:41:24.934Z", "user": 1, "content_type": 11, "object_id": "7", "object_repr": "Item: Django Mascot: \"Django Horse Mascot Picture\" (Published) Bidder: sekar Amt: 28.00 Status:Active", "action_flag": 3, "change_message": ""}}, {"model": "admin.logentry", "pk": 195, "fields": {"action_time": "2021-06-25T13:41:24.941Z", "user": 1, "content_type": 11, "object_id": "6", "object_repr": "Item: Django Mascot: \"Django Horse Mascot Picture\" (Published) Bidder: james Amt: 30.00 Status:Active", "action_flag": 3, "change_message": ""}}, {"model": "admin.logentry", "pk": 196, "fields": {"action_time": "2021-06-25T13:41:24.957Z", "user": 1, "content_type": 11, "object_id": "5", "object_repr": "Item: Soccer Ball: \"Soccer Ball\" (Closed) Bidder: sekar Amt: 32.00 Status:Active", "action_flag": 3, "change_message": ""}}, {"model": "admin.logentry", "pk": 197, "fields": {"action_time": "2021-06-25T13:41:24.962Z", "user": 1, "content_type": 11, "object_id": "3", "object_repr": "Item: Soccer Ball: \"Soccer Ball\" (Closed) Bidder: james Amt: 30.00 Status:Active", "action_flag": 3, "change_message": ""}}, {"model": "admin.logentry", "pk": 198, "fields": {"action_time": "2021-06-25T13:41:24.966Z", "user": 1, "content_type": 11, "object_id": "2", "object_repr": "Item: The Home and the World: \"The Home and the World by R Tagore\" (Closed) Bidder: alice Amt: 25.00 Status:Active", "action_flag": 3, "change_message": ""}}, {"model": "admin.logentry", "pk": 199, "fields": {"action_time": "2021-06-25T13:41:24.969Z", "user": 1, "content_type": 11, "object_id": "1", "object_repr": "Item: The Home and the World: \"The Home and the World by R Tagore\" (Closed) Bidder: bigjohn Amt: 10.10 Status:Active", "action_flag": 3, "change_message": ""}}, {"model": "admin.logentry", "pk": 200, "fields": {"action_time": "2021-06-25T13:42:00.795Z", "user": 1, "content_type": 9, "object_id": "10", "object_repr": "Item 7: \"Short description item 7\" (Published)", "action_flag": 2, "change_message": "[{\"changed\": {\"fields\": [\"Bidding Closed\"]}}]"}}, {"model": "admin.logentry", "pk": 201, "fields": {"action_time": "2021-06-25T13:42:17.128Z", "user": 1, "content_type": 9, "object_id": "5", "object_repr": "Italian Town Pcture: \"Italian Town Pcture\" (Published)", "action_flag": 2, "change_message": "[{\"changed\": {\"fields\": [\"Bidding Closed\"]}}]"}}, {"model": "admin.logentry", "pk": 202, "fields": {"action_time": "2021-06-25T13:42:26.534Z", "user": 1, "content_type": 9, "object_id": "4", "object_repr": "Rubgy Ball: \"Rubgy Ball Collector's Item\" (Published)", "action_flag": 2, "change_message": "[{\"changed\": {\"fields\": [\"Bidding Closed\"]}}]"}}, {"model": "admin.logentry", "pk": 203, "fields": {"action_time": "2021-06-25T13:42:35.200Z", "user": 1, "content_type": 9, "object_id": "3", "object_repr": "Soccer Ball: \"Soccer Ball\" (Published)", "action_flag": 2, "change_message": "[{\"changed\": {\"fields\": [\"Bidding Closed\"]}}]"}}, {"model": "admin.logentry", "pk": 204, "fields": {"action_time": "2021-06-25T13:42:44.838Z", "user": 1, "content_type": 9, "object_id": "2", "object_repr": "Greek Drawing 1: \"Greek Drawng 1\" (Published)", "action_flag": 2, "change_message": "[{\"changed\": {\"fields\": [\"Bidding Closed\"]}}]"}}, {"model": "admin.logentry", "pk": 205, "fields": {"action_time": "2021-06-25T13:42:54.911Z", "user": 1, "content_type": 9, "object_id": "1", "object_repr": "The Home and the World: \"The Home and the World by R Tagore\" (Published)", "action_flag": 2, "change_message": "[{\"changed\": {\"fields\": [\"Bidding Closed\"]}}]"}}, {"model": "admin.logentry", "pk": 206, "fields": {"action_time": "2021-06-25T13:43:12.844Z", "user": 1, "content_type": 9, "object_id": "10", "object_repr": "Item 7: \"Short description item 7\" (Draft)", "action_flag": 2, "change_message": "[{\"changed\": {\"fields\": [\"Publish\"]}}]"}}, {"model": "admin.logentry", "pk": 207, "fields": {"action_time": "2021-06-27T09:15:47.670Z", "user": 1, "content_type": 9, "object_id": "12", "object_repr": "Title 1: \"Title 1\" (Published)", "action_flag": 2, "change_message": "[{\"changed\": {\"fields\": [\"Publish\", \"Publish Timestamp\"]}}]"}}, {"model": "admin.logentry", "pk": 208, "fields": {"action_time": "2021-06-27T12:41:06.181Z", "user": 1, "content_type": 9, "object_id": "16", "object_repr": "Title 3: \"Title 3\" (Draft)", "action_flag": 3, "change_message": ""}}, {"model": "admin.logentry", "pk": 209, "fields": {"action_time": "2021-06-27T12:41:06.223Z", "user": 1, "content_type": 9, "object_id": "15", "object_repr": "T2: \"T2\" (Published)", "action_flag": 3, "change_message": ""}}, {"model": "admin.logentry", "pk": 210, "fields": {"action_time": "2021-06-27T12:41:06.225Z", "user": 1, "content_type": 9, "object_id": "14", "object_repr": "Title 2: \"Title 2\" (Draft)", "action_flag": 3, "change_message": ""}}, {"model": "admin.logentry", "pk": 211, "fields": {"action_time": "2021-06-27T12:41:06.228Z", "user": 1, "content_type": 9, "object_id": "12", "object_repr": "Title 1: \"Title 1\" (Published)", "action_flag": 3, "change_message": ""}}, {"model": "admin.logentry", "pk": 212, "fields": {"action_time": "2021-06-27T15:42:01.237Z", "user": 1, "content_type": 9, "object_id": "20", "object_repr": "t4: \"t4\" (Draft)", "action_flag": 3, "change_message": ""}}, {"model": "admin.logentry", "pk": 213, "fields": {"action_time": "2021-06-27T15:42:32.696Z", "user": 1, "content_type": 9, "object_id": "21", "object_repr": "t4: \"t4\" (Draft)", "action_flag": 3, "change_message": ""}}, {"model": "admin.logentry", "pk": 214, "fields": {"action_time": "2021-06-27T16:04:57.371Z", "user": 1, "content_type": 9, "object_id": "25", "object_repr": "t7: \"t7\" (Published)", "action_flag": 3, "change_message": ""}}, {"model": "admin.logentry", "pk": 215, "fields": {"action_time": "2021-06-27T16:04:57.396Z", "user": 1, "content_type": 9, "object_id": "24", "object_repr": "t6: \"t6\" (Published)", "action_flag": 3, "change_message": ""}}, {"model": "admin.logentry", "pk": 216, "fields": {"action_time": "2021-06-27T16:04:57.400Z", "user": 1, "content_type": 9, "object_id": "23", "object_repr": "t5: \"t5\" (Published)", "action_flag": 3, "change_message": ""}}, {"model": "admin.logentry", "pk": 217, "fields": {"action_time": "2021-06-27T16:04:57.403Z", "user": 1, "content_type": 9, "object_id": "22", "object_repr": "t4: \"t4\" (Draft)", "action_flag": 3, "change_message": ""}}, {"model": "admin.logentry", "pk": 218, "fields": {"action_time": "2021-06-27T16:04:57.406Z", "user": 1, "content_type": 9, "object_id": "19", "object_repr": "T3: \"T3\" (Draft)", "action_flag": 3, "change_message": ""}}, {"model": "admin.logentry", "pk": 219, "fields": {"action_time": "2021-06-27T16:04:57.453Z", "user": 1, "content_type": 9, "object_id": "18", "object_repr": "Title 2: \"Title2\" (Published)", "action_flag": 3, "change_message": ""}}, {"model": "admin.logentry", "pk": 220, "fields": {"action_time": "2021-06-27T16:04:57.456Z", "user": 1, "content_type": 9, "object_id": "17", "object_repr": "Title 1: \"Title 1\" (Draft)", "action_flag": 3, "change_message": ""}}, {"model": "admin.logentry", "pk": 221, "fields": {"action_time": "2021-06-29T10:32:57.339Z", "user": 1, "content_type": 1, "object_id": "16", "object_repr": "User9", "action_flag": 3, "change_message": ""}}, {"model": "admin.logentry", "pk": 222, "fields": {"action_time": "2021-07-01T04:01:49.957Z", "user": 1, "content_type": 7, "object_id": "9", "object_repr": "User: sekar Addresse: Mr Sekar", "action_flag": 3, "change_message": ""}}, {"model": "admin.logentry", "pk": 223, "fields": {"action_time": "2021-07-01T04:01:50.001Z", "user": 1, "content_type": 7, "object_id": "8", "object_repr": "User: sekar Addresse: Mr Sekar", "action_flag": 3, "change_message": ""}}, {"model": "admin.logentry", "pk": 224, "fields": {"action_time": "2021-07-01T04:01:50.005Z", "user": 1, "content_type": 7, "object_id": "7", "object_repr": "User: sekar Addresse: Mr Sekar", "action_flag": 3, "change_message": ""}}, {"model": "admin.logentry", "pk": 225, "fields": {"action_time": "2021-07-01T04:01:50.007Z", "user": 1, "content_type": 7, "object_id": "3", "object_repr": "User: sekar Addresse: Mr N Sekkappan", "action_flag": 3, "change_message": ""}}, {"model": "admin.logentry", "pk": 226, "fields": {"action_time": "2021-07-03T07:54:33.642Z", "user": 1, "content_type": 9, "object_id": "28", "object_repr": ": \"Soccer Ball\" (Draft)", "action_flag": 3, "change_message": ""}}, {"model": "admin.logentry", "pk": 227, "fields": {"action_time": "2021-07-05T12:59:40.409Z", "user": 1, "content_type": 7, "object_id": "19", "object_repr": "User: sekar Addresse: Sekar 9", "action_flag": 3, "change_message": ""}}, {"model": "admin.logentry", "pk": 228, "fields": {"action_time": "2021-07-05T12:59:40.429Z", "user": 1, "content_type": 7, "object_id": "18", "object_repr": "User: sekar Addresse: Sekar 9", "action_flag": 3, "change_message": ""}}, {"model": "admin.logentry", "pk": 229, "fields": {"action_time": "2021-07-05T12:59:40.432Z", "user": 1, "content_type": 7, "object_id": "17", "object_repr": "User: sekar Addresse: Sekar 5", "action_flag": 3, "change_message": ""}}, {"model": "admin.logentry", "pk": 230, "fields": {"action_time": "2021-07-05T12:59:40.464Z", "user": 1, "content_type": 7, "object_id": "16", "object_repr": "User: sekar Addresse: Sekar 9", "action_flag": 3, "change_message": ""}}, {"model": "admin.logentry", "pk": 231, "fields": {"action_time": "2021-07-05T12:59:40.487Z", "user": 1, "content_type": 7, "object_id": "15", "object_repr": "User: sekar Addresse: Sekar 8", "action_flag": 3, "change_message": ""}}, {"model": "admin.logentry", "pk": 232, "fields": {"action_time": "2021-07-05T12:59:40.497Z", "user": 1, "content_type": 7, "object_id": "14", "object_repr": "User: sekar Addresse: Sekar 7", "action_flag": 3, "change_message": ""}}, {"model": "admin.logentry", "pk": 233, "fields": {"action_time": "2021-07-05T12:59:40.505Z", "user": 1, "content_type": 7, "object_id": "13", "object_repr": "User: sekar Addresse: Sekar 6", "action_flag": 3, "change_message": ""}}, {"model": "admin.logentry", "pk": 234, "fields": {"action_time": "2021-07-05T12:59:40.998Z", "user": 1, "content_type": 7, "object_id": "12", "object_repr": "User: sekar Addresse: Sekar 5", "action_flag": 3, "change_message": ""}}, {"model": "admin.logentry", "pk": 235, "fields": {"action_time": "2021-07-05T12:59:41.015Z", "user": 1, "content_type": 7, "object_id": "11", "object_repr": "User: sekar Addresse: Sekar 4", "action_flag": 3, "change_message": ""}}, {"model": "admin.logentry", "pk": 236, "fields": {"action_time": "2021-07-05T12:59:41.106Z", "user": 1, "content_type": 7, "object_id": "10", "object_repr": "User: sekar Addresse: Sekar 3", "action_flag": 3, "change_message": ""}}, {"model": "admin.logentry", "pk": 237, "fields": {"action_time": "2021-07-05T13:00:18.675Z", "user": 1, "content_type": 7, "object_id": "1", "object_repr": "User: sekar Addresse: Mr Sekar Nagappan", "action_flag": 2, "change_message": "[{\"changed\": {\"fields\": [\"Shipping?\", \"Default Ship?\"]}}]"}}, {"model": "admin.logentry", "pk": 238, "fields": {"action_time": "2021-07-05T13:00:49.175Z", "user": 1, "content_type": 7, "object_id": "1", "object_repr": "User: sekar Addresse: Mr Sekar Nagappan", "action_flag": 2, "change_message": "[{\"changed\": {\"fields\": [\"Shipping?\"]}}]"}}, {"model": "admin.logentry", "pk": 239, "fields": {"action_time": "2021-07-05T13:01:08.993Z", "user": 1, "content_type": 7, "object_id": "2", "object_repr": "User: sekar Addresse: Mr N Sekkappan", "action_flag": 2, "change_message": "[{\"changed\": {\"fields\": [\"Shipping?\", \"Default Bill?\"]}}]"}}, {"model": "admin.logentry", "pk": 240, "fields": {"action_time": "2021-07-05T15:15:37.725Z", "user": 1, "content_type": 7, "object_id": "1", "object_repr": "User: sekar Addresse: Mr Sekar Nagappan", "action_flag": 2, "change_message": "[{\"changed\": {\"fields\": [\"Zip Code\"]}}]"}}, {"model": "admin.logentry", "pk": 241, "fields": {"action_time": "2021-07-06T06:13:58.220Z", "user": 1, "content_type": 9, "object_id": "1", "object_repr": "The Home and the World: \"The Home and the World by R Tagore\" (Published)", "action_flag": 2, "change_message": "[{\"changed\": {\"fields\": [\"Bidding Closed\"]}}]"}}, {"model": "admin.logentry", "pk": 242, "fields": {"action_time": "2021-07-07T13:51:17.012Z", "user": 1, "content_type": 11, "object_id": "17", "object_repr": "Item: Greek Drawing 1: \"Greek Drawng 1\" (Published) Bidder: sekar Amt: 10.50 Status:Active", "action_flag": 2, "change_message": "[{\"changed\": {\"fields\": [\"Ship To\", \"Bill To\"]}}]"}}, {"model": "admin.logentry", "pk": 243, "fields": {"action_time": "2021-07-08T12:37:33.765Z", "user": 1, "content_type": 7, "object_id": "5", "object_repr": "Addresse: Mr James Smith S", "action_flag": 2, "change_message": "[{\"changed\": {\"fields\": [\"Addresse\"]}}]"}}, {"model": "admin.logentry", "pk": 244, "fields": {"action_time": "2021-07-08T12:37:46.262Z", "user": 1, "content_type": 7, "object_id": "6", "object_repr": "Addresse: Mr James Smith B", "action_flag": 2, "change_message": "[{\"changed\": {\"fields\": [\"Addresse\"]}}]"}}, {"model": "admin.logentry", "pk": 245, "fields": {"action_time": "2021-07-08T12:48:41.572Z", "user": 1, "content_type": 9, "object_id": "2", "object_repr": "Greek Drawing 1: \"Greek Drawng 1\" (Published)", "action_flag": 2, "change_message": "[{\"changed\": {\"fields\": [\"Bidding Closed\"]}}]"}}, {"model": "admin.logentry", "pk": 246, "fields": {"action_time": "2021-07-09T06:42:56.646Z", "user": 1, "content_type": 9, "object_id": "2", "object_repr": "Greek Drawing 1: \"Greek Drawng 1\" (Published)", "action_flag": 2, "change_message": "[{\"changed\": {\"fields\": [\"Bidding Closed\"]}}]"}}, {"model": "admin.logentry", "pk": 247, "fields": {"action_time": "2021-07-09T06:43:32.824Z", "user": 1, "content_type": 11, "object_id": "25", "object_repr": "Item: Soccer Ball: \"Football or a Soccer Ball\" (Published) Bidder: james Amt: 20.10 Status:Active", "action_flag": 3, "change_message": ""}}, {"model": "admin.logentry", "pk": 248, "fields": {"action_time": "2021-07-09T06:43:32.827Z", "user": 1, "content_type": 11, "object_id": "24", "object_repr": "Item: Soccer Ball: \"Football or a Soccer Ball\" (Published) Bidder: james Amt: 20.00 Status:Active", "action_flag": 3, "change_message": ""}}, {"model": "admin.logentry", "pk": 249, "fields": {"action_time": "2021-07-09T06:43:32.829Z", "user": 1, "content_type": 11, "object_id": "23", "object_repr": "Item: Rubgy Ball: \"Rubgy Ball Collector's Item\" (Published) Bidder: sekar Amt: 50.10 Status:Active", "action_flag": 3, "change_message": ""}}, {"model": "admin.logentry", "pk": 250, "fields": {"action_time": "2021-07-09T06:43:32.833Z", "user": 1, "content_type": 11, "object_id": "22", "object_repr": "Item: Greek Drawing 1: \"Greek Drawng 1\" (Published) Bidder: sekar Amt: 10.70 Status:Active", "action_flag": 3, "change_message": ""}}, {"model": "admin.logentry", "pk": 251, "fields": {"action_time": "2021-07-09T06:43:32.835Z", "user": 1, "content_type": 11, "object_id": "21", "object_repr": "Item: Greek Drawing 1: \"Greek Drawng 1\" (Published) Bidder: User2 Amt: 10.65 Status:Active", "action_flag": 3, "change_message": ""}}, {"model": "admin.logentry", "pk": 252, "fields": {"action_time": "2021-07-09T06:43:32.838Z", "user": 1, "content_type": 11, "object_id": "20", "object_repr": "Item: Greek Drawing 1: \"Greek Drawng 1\" (Published) Bidder: sekar Amt: 10.62 Status:Active", "action_flag": 3, "change_message": ""}}, {"model": "admin.logentry", "pk": 253, "fields": {"action_time": "2021-07-09T06:43:32.840Z", "user": 1, "content_type": 11, "object_id": "19", "object_repr": "Item: Greek Drawing 1: \"Greek Drawng 1\" (Published) Bidder: sekar Amt: 10.60 Status:Active", "action_flag": 3, "change_message": ""}}, {"model": "admin.logentry", "pk": 254, "fields": {"action_time": "2021-07-09T06:43:32.843Z", "user": 1, "content_type": 11, "object_id": "18", "object_repr": "Item: Greek Drawing 1: \"Greek Drawng 1\" (Published) Bidder: sekar Amt: 10.55 Status:Active", "action_flag": 3, "change_message": ""}}, {"model": "admin.logentry", "pk": 255, "fields": {"action_time": "2021-07-09T06:43:32.846Z", "user": 1, "content_type": 11, "object_id": "17", "object_repr": "Item: Greek Drawing 1: \"Greek Drawng 1\" (Published) Bidder: sekar Amt: 10.50 Status:Active", "action_flag": 3, "change_message": ""}}, {"model": "admin.logentry", "pk": 256, "fields": {"action_time": "2021-07-09T06:45:38.188Z", "user": 1, "content_type": 9, "object_id": "7", "object_repr": "C Programming Language: \"C Program Language, 1st Edition\" (Published)", "action_flag": 2, "change_message": "[{\"changed\": {\"fields\": [\"Bidding Closed\"]}}]"}}, {"model": "admin.logentry", "pk": 257, "fields": {"action_time": "2021-07-11T07:43:55.390Z", "user": 1, "content_type": 4, "object_id": "10", "object_repr": "A Different Sky: \"A Different Sky by Meira Chand - Used\" (Published)", "action_flag": 2, "change_message": "[{\"changed\": {\"fields\": [\"Listing Title\", \"Short Desc\", \"Details\", \"Starting Price\", \"Publish\", \"Categories\", \"Picture URL\"]}}]"}}, {"model": "admin.logentry", "pk": 258, "fields": {"action_time": "2021-07-11T08:17:10.982Z", "user": 1, "content_type": 4, "object_id": "26", "object_repr": "Tennis Balls: \"Set of 4 Tennis Balls\" (Published)", "action_flag": 2, "change_message": "[{\"changed\": {\"fields\": [\"Picture URL\"]}}]"}}, {"model": "admin.logentry", "pk": 259, "fields": {"action_time": "2021-07-11T08:17:40.895Z", "user": 1, "content_type": 4, "object_id": "26", "object_repr": "Tennis Balls: \"Set of 4 Tennis Balls\" (Published)", "action_flag": 2, "change_message": "[{\"changed\": {\"fields\": [\"Picture URL\"]}}]"}}, {"model": "admin.logentry", "pk": 260, "fields": {"action_time": "2021-07-11T08:18:55.562Z", "user": 1, "content_type": 4, "object_id": "26", "object_repr": "Tennis Balls: \"Set of 4 Tennis Balls\" (Published)", "action_flag": 2, "change_message": "[{\"changed\": {\"fields\": [\"Picture URL\"]}}]"}}, {"model": "admin.logentry", "pk": 261, "fields": {"action_time": "2021-07-11T08:21:44.946Z", "user": 1, "content_type": 4, "object_id": "27", "object_repr": "T9: \"T9\" (Published)", "action_flag": 2, "change_message": "[{\"changed\": {\"fields\": [\"Picture URL\"]}}]"}}, {"model": "admin.logentry", "pk": 262, "fields": {"action_time": "2021-07-13T03:24:15.124Z", "user": 1, "content_type": 1, "object_id": "10", "object_repr": "User3", "action_flag": 3, "change_message": ""}}, {"model": "admin.logentry", "pk": 263, "fields": {"action_time": "2021-07-13T03:25:01.798Z", "user": 1, "content_type": 1, "object_id": "11", "object_repr": "User4", "action_flag": 3, "change_message": ""}}, {"model": "admin.logentry", "pk": 264, "fields": {"action_time": "2021-07-13T03:25:47.957Z", "user": 1, "content_type": 1, "object_id": "15", "object_repr": "User8", "action_flag": 3, "change_message": ""}}, {"model": "admin.logentry", "pk": 265, "fields": {"action_time": "2021-07-13T03:25:47.960Z", "user": 1, "content_type": 1, "object_id": "14", "object_repr": "User7", "action_flag": 3, "change_message": ""}}, {"model": "admin.logentry", "pk": 266, "fields": {"action_time": "2021-07-13T03:25:47.963Z", "user": 1, "content_type": 1, "object_id": "13", "object_repr": "User6", "action_flag": 3, "change_message": ""}}, {"model": "admin.logentry", "pk": 267, "fields": {"action_time": "2021-07-13T03:25:47.965Z", "user": 1, "content_type": 1, "object_id": "12", "object_repr": "User5", "action_flag": 3, "change_message": ""}}, {"model": "admin.logentry", "pk": 268, "fields": {"action_time": "2021-07-13T04:01:32.784Z", "user": 1, "content_type": 3, "object_id": "18", "object_repr": "Pictures", "action_flag": 1, "change_message": "[{\"added\": {}}]"}}, {"model": "admin.logentry", "pk": 269, "fields": {"action_time": "2021-07-13T04:15:51.714Z", "user": 1, "content_type": 4, "object_id": "29", "object_repr": "Singapore Housing Skyline At Dusk: \"Singapore Housing Skyline As Dusk\" (Published)", "action_flag": 2, "change_message": "[{\"changed\": {\"fields\": [\"Listing Title\", \"Short Desc\", \"Details\", \"Seller\", \"Starting Price\", \"Categories\", \"Picture URL\"]}}]"}}, {"model": "admin.logentry", "pk": 270, "fields": {"action_time": "2021-07-13T04:22:04.544Z", "user": 1, "content_type": 4, "object_id": "30", "object_repr": "New Zealand Routerburn Track 1: \"Picture taken in New Zealand Routeburn Track\" (Published)", "action_flag": 2, "change_message": "[{\"changed\": {\"fields\": [\"Listing Title\", \"Short Desc\", \"Details\", \"Seller\", \"Starting Price\", \"Categories\", \"Picture URL\"]}}]"}}, {"model": "admin.logentry", "pk": 271, "fields": {"action_time": "2021-07-13T04:24:11.772Z", "user": 1, "content_type": 4, "object_id": "31", "object_repr": "New Zealand Routeburn Track 2: \"Picture on Routeburn Track, New Zealand\" (Published)", "action_flag": 2, "change_message": "[{\"changed\": {\"fields\": [\"Listing Title\", \"Short Desc\", \"Details\", \"Seller\", \"Categories\", \"Picture URL\"]}}]"}}, {"model": "admin.logentry", "pk": 272, "fields": {"action_time": "2021-07-13T06:27:14.247Z", "user": 1, "content_type": 2, "object_id": "7", "object_repr": "Addresse: Mr N Sekar", "action_flag": 2, "change_message": "[{\"changed\": {\"fields\": [\"Addresse\", \"Address\", \"Zip Code\", \"Country\"]}}]"}}, {"model": "admin.logentry", "pk": 273, "fields": {"action_time": "2021-07-13T06:32:07.633Z", "user": 1, "content_type": 2, "object_id": "2", "object_repr": "Addresse: Mr N Sekkappan", "action_flag": 2, "change_message": "[{\"changed\": {\"fields\": [\"Address\", \"Zip Code\", \"Country\"]}}]"}}, {"model": "admin.logentry", "pk": 274, "fields": {"action_time": "2021-07-13T06:32:52.271Z", "user": 1, "content_type": 2, "object_id": "4", "object_repr": "Addresse: Mr Big John Boyle", "action_flag": 2, "change_message": "[{\"changed\": {\"fields\": [\"Address\", \"Zip Code\"]}}]"}}, {"model": "admin.logentry", "pk": 275, "fields": {"action_time": "2021-07-13T06:38:27.093Z", "user": 1, "content_type": 2, "object_id": "5", "object_repr": "Addresse: Mr James Smith S", "action_flag": 2, "change_message": "[{\"changed\": {\"fields\": [\"Address\", \"Zip Code\", \"Country\"]}}]"}}, {"model": "admin.logentry", "pk": 276, "fields": {"action_time": "2021-07-13T06:39:29.826Z", "user": 1, "content_type": 2, "object_id": "6", "object_repr": "Addresse: Mr James Smith B", "action_flag": 2, "change_message": "[{\"changed\": {\"fields\": [\"Address\", \"Zip Code\"]}}]"}}, {"model": "admin.logentry", "pk": 277, "fields": {"action_time": "2021-07-13T06:41:28.731Z", "user": 1, "content_type": 5, "object_id": "4", "object_repr": "User :bigjohn List Item :The Home and the World: \"The Home and the World by R Tagore\" (Published) Title :Long Boring Novel", "action_flag": 2, "change_message": "[{\"changed\": {\"fields\": [\"Ratings\"]}}]"}}, {"model": "admin.logentry", "pk": 278, "fields": {"action_time": "2021-07-13T06:43:06.286Z", "user": 1, "content_type": 5, "object_id": "7", "object_repr": "User :sekar List Item :The Home and the World: \"The Home and the World by R Tagore\" (Published) Title :A Good Read", "action_flag": 2, "change_message": "[{\"changed\": {\"fields\": [\"Coment Title\", \"Comment\"]}}]"}}, {"model": "admin.logentry", "pk": 279, "fields": {"action_time": "2021-07-13T06:48:27.986Z", "user": 1, "content_type": 5, "object_id": "8", "object_repr": "User :johndoe List Item :The Home and the World: \"The Home and the World by R Tagore\" (Published) Title :Good Story", "action_flag": 2, "change_message": "[{\"changed\": {\"fields\": [\"User\", \"Coment Title\", \"Comment\"]}}]"}}, {"model": "admin.logentry", "pk": 280, "fields": {"action_time": "2021-07-13T06:52:31.449Z", "user": 1, "content_type": 5, "object_id": "9", "object_repr": "User :bigjohn List Item :The Home and the World: \"The Home and the World by R Tagore\" (Published) Title :Dont really understand the story.", "action_flag": 2, "change_message": "[{\"changed\": {\"fields\": [\"User\", \"Coment Title\", \"Comment\"]}}]"}}, {"model": "admin.logentry", "pk": 281, "fields": {"action_time": "2021-07-13T09:25:59.135Z", "user": 1, "content_type": 5, "object_id": "11", "object_repr": "User :james List Item :The Home and the World: \"The Home and the World by R Tagore\" (Published) Title :Good Reviews", "action_flag": 2, "change_message": "[{\"changed\": {\"fields\": [\"User\", \"Coment Title\", \"Comment\"]}}]"}}, {"model": "admin.logentry", "pk": 282, "fields": {"action_time": "2021-07-13T09:29:41.388Z", "user": 1, "content_type": 5, "object_id": "10", "object_repr": "User :alice List Item :The Home and the World: \"The Home and the World by R Tagore\" (Published) Title :Very Interesting new world", "action_flag": 2, "change_message": "[{\"changed\": {\"fields\": [\"User\", \"Coment Title\", \"Comment\"]}}]"}}, {"model": "admin.logentry", "pk": 283, "fields": {"action_time": "2021-07-14T05:47:10.264Z", "user": 1, "content_type": 4, "object_id": "32", "object_repr": "NZ 3: \"NewZealand 3\" (Published)", "action_flag": 3, "change_message": ""}}, {"model": "admin.logentry", "pk": 284, "fields": {"action_time": "2021-07-16T13:47:53.777Z", "user": 1, "content_type": 4, "object_id": "10", "object_repr": "A Different Sky: \"A Different Sky, book by Meira Chand - Used\" (Published)", "action_flag": 2, "change_message": "[{\"changed\": {\"fields\": [\"Short Desc\", \"Details\"]}}]"}}, {"model": "auth.group", "pk": 1, "fields": {"name": "useradmin", "permissions": [21, 22, 23, 24, 9, 10, 11, 12, 13, 14, 15, 16, 1, 2, 3, 4]}}, {"model": "auth.group", "pk": 2, "fields": {"name": "guest", "permissions": [40, 36]}}, {"model": "auth.group", "pk": 3, "fields": {"name": "seller", "permissions": [29, 30, 32, 25, 26, 28, 37, 38, 40, 33, 34, 36, 41, 42, 44]}}, {"model": "auth.group", "pk": 4, "fields": {"name": "customers", "permissions": [32, 25, 26, 28, 37, 38, 40, 36, 41, 42, 44, 45, 46, 48]}}, {"model": "sessions.session", "pk": "0cz2f87bbtjwphw99dic2m7woqjhdvlr", "fields": {"session_data": ".eJxVjDsOwyAQRO9CHSHxWbOkTJ8zoAWW4CTCkrErK3ePLblIimnmvZlNBFqXGtbOcxizuAolLr9dpPTidoD8pPaYZJraMo9RHoo8aZf3KfP7drp_B5V63dfo2KHFYpIiAg1QOCZWzmhlCAzmwQORA96jI3k7WJ9tQsBYlPdGfL7c5zeO:1lwLAL:gRzeGZ6uQ2SBM79RfrB-N2L1inUcTlZ0wNXQdo3PP_4", "expire_date": "2021-07-08T08:56:53.202Z"}}, {"model": "sessions.session", "pk": "0pho4oy3jjbc244j4i1s4tg08rrjs8vd", "fields": {"session_data": ".eJxVjDsOwyAQRO9CHSHxWbOkTJ8zoAWW4CTCkrErK3ePLblIimnmvZlNBFqXGtbOcxizuAolLr9dpPTidoD8pPaYZJraMo9RHoo8aZf3KfP7drp_B5V63dfo2KHFYpIiAg1QOCZWzmhlCAzmwQORA96jI3k7WJ9tQsBYlPdGfL7c5zeO:1ltnfI:aeTIircX9tieC-GpHV6NbY-IsnmOv8xkJPjNSbO_SFw", "expire_date": "2021-07-01T08:46:20.405Z"}}, {"model": "sessions.session", "pk": "0t2y22i0exa6uqvpmykwysf15xfg9r9h", "fields": {"session_data": ".eJxVjDsOwyAQRO9CHSHxWbOkTJ8zoAWW4CTCkrErK3ePLblIimnmvZlNBFqXGtbOcxizuAolLr9dpPTidoD8pPaYZJraMo9RHoo8aZf3KfP7drp_B5V63dfo2KHFYpIiAg1QOCZWzmhlCAzmwQORA96jI3k7WJ9tQsBYlPdGfL7c5zeO:1m0eLG:E7ryWSAYHlM6mTssYGegQiqfs9_pjFf2aLI8AEb8RQw", "expire_date": "2021-07-20T06:13:58.426Z"}}, {"model": "sessions.session", "pk": "27zt3owiwj3et8tkdavm6dwqh7o85e7n", "fields": {"session_data": ".eJxVjDsOwyAQRO9CHSHxWbOkTJ8zoAWW4CTCkrErK3ePLblIimnmvZlNBFqXGtbOcxizuAolLr9dpPTidoD8pPaYZJraMo9RHoo8aZf3KfP7drp_B5V63dfo2KHFYpIiAg1QOCZWzmhlCAzmwQORA96jI3k7WJ9tQsBYlPdGfL7c5zeO:1lynte:W80VFj7UXN9NpwS4Kzpfjy6fFD_4BlAGsU3ReIll00o", "expire_date": "2021-07-15T04:01:50.161Z"}}, {"model": "sessions.session", "pk": "2gum1b6r79mfmmcor5kcrvlukw2meayo", "fields": {"session_data": ".eJxVjDsOwyAQRO9CHSHxWbOkTJ8zoAWW4CTCkrErK3ePLblIimnmvZlNBFqXGtbOcxizuAolLr9dpPTidoD8pPaYZJraMo9RHoo8aZf3KfP7drp_B5V63dfo2KHFYpIiAg1QOCZWzmhlCAzmwQORA96jI3k7WJ9tQsBYlPdGfL7c5zeO:1lyTBe:qJLH8ygxdOuErlgZ58f5XMQ_VzvEdWOq-xvpN5TBWhw", "expire_date": "2021-07-14T05:55:02.459Z"}}, {"model": "sessions.session", "pk": "34wwu2935a7knj2l0za0vfq0qe0kryi6", "fields": {"session_data": ".eJxVjDsOwyAQRO9CHSHxWbOkTJ8zoAWW4CTCkrErK3ePLblIimnmvZlNBFqXGtbOcxizuAolLr9dpPTidoD8pPaYZJraMo9RHoo8aZf3KfP7drp_B5V63dfo2KHFYpIiAg1QOCZWzmhlCAzmwQORA96jI3k7WJ9tQsBYlPdGfL7c5zeO:1lqdbQ:rU4YvZFoj1xLv13D05RfJeQ0liRYmV-22AR4k2LPyOk", "expire_date": "2021-06-22T15:25:16.016Z"}}, {"model": "sessions.session", "pk": "3ez2096cbuzbkr0xw6sme605n3ycu28r", "fields": {"session_data": ".eJxVjDsOwyAQRO9CHSHxWbOkTJ8zoAWW4CTCkrErK3ePLblIimnmvZlNBFqXGtbOcxizuAolLr9dpPTidoD8pPaYZJraMo9RHoo8aZf3KfP7drp_B5V63dfo2KHFYpIiAg1QOCZWzmhlCAzmwQORA96jI3k7WJ9tQsBYlPdGfL7c5zeO:1luSyi:fFXXBywbJEHn62FNLxHeCJkVnhnA32Bbx_32q0yO-C8", "expire_date": "2021-07-03T04:53:08.446Z"}}, {"model": "sessions.session", "pk": "44dwwwvl439eoskvyp31tpqlo1ofdaxj", "fields": {"session_data": ".eJxVjEEOwiAQRe_C2hACFAaX7j0DmWFAqgaS0q6Md9cmXej2v_f-S0Tc1hq3kZc4sziLIE6_G2F65LYDvmO7dZl6W5eZ5K7Igw557Zyfl8P9O6g46re2ViGgDt4ga1BQYFJesYEw2VzI-kScmTUROI-QFfnkDBkuiYIjEu8P4bI4oQ:1lpq6K:9_L31z3wTsPJVezShfn0MqMyxJpFaF9EIl6LCBWf1y0", "expire_date": "2021-06-20T10:33:52.962Z"}}, {"model": "sessions.session", "pk": "4j18218vgolx24zjzl6kotq9hyxislr6", "fields": {"session_data": ".eJxVjDsOwyAQRO9CHSHxWbOkTJ8zoAWW4CTCkrErK3ePLblIimnmvZlNBFqXGtbOcxizuAolLr9dpPTidoD8pPaYZJraMo9RHoo8aZf3KfP7drp_B5V63dfo2KHFYpIiAg1QOCZWzmhlCAzmwQORA96jI3k7WJ9tQsBYlPdGfL7c5zeO:1m24Iw:xvM9FWVDhZ5qSubrQD3ut_J3Dz_4k-zIuhRf7cf_7gI", "expire_date": "2021-07-24T04:09:26.890Z"}}, {"model": "sessions.session", "pk": "511xoipxk21j2mskbj4aoirf81ejjy74", "fields": {"session_data": ".eJxVjDsOwyAQRO9CHSHxWbOkTJ8zoAWW4CTCkrErK3ePLblIimnmvZlNBFqXGtbOcxizuAolLr9dpPTidoD8pPaYZJraMo9RHoo8aZf3KfP7drp_B5V63dfo2KHFYpIiAg1QOCZWzmhlCAzmwQORA96jI3k7WJ9tQsBYlPdGfL7c5zeO:1lzaTx:O0PXl7xHa56qMjEBWDrxshA19vv1TMjdt9qYO1I6jNs", "expire_date": "2021-07-17T07:54:33.928Z"}}, {"model": "sessions.session", "pk": "61dtl8j32y4rm0y9j4m9p3hbg6d1hnrf", "fields": {"session_data": ".eJxVjDsOwyAQRO9CHSHxWbOkTJ8zoAWW4CTCkrErK3ePLblIimnmvZlNBFqXGtbOcxizuAolLr9dpPTidoD8pPaYZJraMo9RHoo8aZf3KfP7drp_B5V63dfo2KHFYpIiAg1QOCZWzmhlCAzmwQORA96jI3k7WJ9tQsBYlPdGfL7c5zeO:1lyB33:4YWfCTVRjfSgRnzsI7k8Zka_P-z05Zdb0MmZNpCJO9A", "expire_date": "2021-07-13T10:32:57.719Z"}}, {"model": "sessions.session", "pk": "6kusymlgcdup87smtjsob8i76s420159", "fields": {"session_data": ".eJxVjDsOwyAQRO9CHSHxWbOkTJ8zoAWW4CTCkrErK3ePLblIimnmvZlNBFqXGtbOcxizuAolLr9dpPTidoD8pPaYZJraMo9RHoo8aZf3KfP7drp_B5V63dfo2KHFYpIiAg1QOCZWzmhlCAzmwQORA96jI3k7WJ9tQsBYlPdGfL7c5zeO:1lkoQK:tBR25iPWjDL9aAP7DbiVbIobrGpZE_sOjlVjPfzzDsw", "expire_date": "2021-06-06T13:45:44.616Z"}}, {"model": "sessions.session", "pk": "6r7pagl8ybftwrk8yo6fsw6dghxzyugj", "fields": {"session_data": ".eJxVjDsOwyAQRO9CHSHxWbOkTJ8zoAWW4CTCkrErK3ePLblIimnmvZlNBFqXGtbOcxizuAolLr9dpPTidoD8pPaYZJraMo9RHoo8aZf3KfP7drp_B5V63dfo2KHFYpIiAg1QOCZWzmhlCAzmwQORA96jI3k7WJ9tQsBYlPdGfL7c5zeO:1lt6x4:mH8x3Oojr5ws1wLQdWBTuG8xtqrp2VPqTW2OeBifPx4", "expire_date": "2021-06-29T11:09:50.685Z"}}, {"model": "sessions.session", "pk": "77c8rfx7iu7ivw4qseoylm18zoam4jfs", "fields": {"session_data": ".eJxVjDsOwyAQRO9CHSHxWbOkTJ8zoAWW4CTCkrErK3ePLblIimnmvZlNBFqXGtbOcxizuAolLr9dpPTidoD8pPaYZJraMo9RHoo8aZf3KfP7drp_B5V63dfo2KHFYpIiAg1QOCZWzmhlCAzmwQORA96jI3k7WJ9tQsBYlPdGfL7c5zeO:1lqxHI:YD7X0Dfi4Kb7Kw8wczA7Ixwo0ONwSooeBmGmiEV2v8A", "expire_date": "2021-06-23T12:25:48.955Z"}}, {"model": "sessions.session", "pk": "906u4zaqibi41k15f7edmewr8xswnmft", "fields": {"session_data": ".eJxVj8FuAyEMRP-Fc7QbliULe-y934AMeAsthQhMc4jy7yVSDu3BkuV5MxrfmYFOwfSG1UTPdsbZ6e_NgvvC_BT8J-SPMrmSqUY7PZHppbbpvXhMby_2X0CAFoZbbbipVR3CcQC5SHmgdcg3sXABUih_0RJgkzhmsaDXy6r96pRU9uBaixFakXrNptc08gLRdZ_nVBykUBrtSp3P80_Em7kBuZBio-GJhN9s52PJkSIk44GA7Xd27XYgoxnVjifmUmk4vjwgNXw8fgFFlF2I:1m3HgX:YDwXZoaidVmfZuQ2g_6L2boSli09FO-e8qf33gQJQmk", "expire_date": "2021-07-27T12:38:49.082Z"}}, {"model": "sessions.session", "pk": "9l6aa4he0izrxcvuovrdernsza96ulqw", "fields": {"session_data": ".eJxVjDsOwyAQRO9CHSHxWbOkTJ8zoAWW4CTCkrErK3ePLblIimnmvZlNBFqXGtbOcxizuAolLr9dpPTidoD8pPaYZJraMo9RHoo8aZf3KfP7drp_B5V63dfo2KHFYpIiAg1QOCZWzmhlCAzmwQORA96jI3k7WJ9tQsBYlPdGfL7c5zeO:1ltWnj:6JKvhnneJiC-MiTknE_JHysPcIuUCbc6v_efZdQl1Vs", "expire_date": "2021-06-30T14:45:55.224Z"}}, {"model": "sessions.session", "pk": "awdr60y7057xg9rx3b37mfvkt7v9ycvs", "fields": {"session_data": ".eJxVjDsOwyAQRO9CHSHxWbOkTJ8zoAWW4CTCkrErK3ePLblIimnmvZlNBFqXGtbOcxizuAolLr9dpPTidoD8pPaYZJraMo9RHoo8aZf3KfP7drp_B5V63dfo2KHFYpIiAg1QOCZWzmhlCAzmwQORA96jI3k7WJ9tQsBYlPdGfL7c5zeO:1m1TSL:ctbvCv3aHBWWMPyw4pERkIBYFnZdtdu_NCEDdbNguXY", "expire_date": "2021-07-22T12:48:41.866Z"}}, {"model": "sessions.session", "pk": "btixyssac7kl4l85tr2sqyomcywo6te4", "fields": {"session_data": ".eJxVj0tuwyAQhq9Ssbb8JsaWqkrZd9UDoAHGMSmGCMZNpSh3L668aBez-R_fzDyYhI0WuSWM0ho2sYYVfzUF-hP9bpgr-EsodfAUrSr3SHm4qXwPBt35yP4DLJCW3BYDDqIXc6cbAN5yPqPS2Axd23TAO2FOIwcYOOZpFYz9qR9NrwUXam7GscvQiLRFL7foMm8huk1V5YIGt4REkxB1XX1ZvEuQziay_vJmzev-jiVcc2Vn3IH08vto22TDW7LgpAECNj3YbVO5ms-luGHBtAsJc3QGl_BZsBW-pbIGVsq0ti7rOhOPXZIsOcz6R9Aa48sZnGPPH07fc9Y:1m4OC1:3EaDexZs9v6olfo6GwTD4UOjsGhiko0HDmb2f5RvGw0", "expire_date": "2021-07-30T13:47:53.882Z"}}, {"model": "sessions.session", "pk": "caawb1xrrzz0ljcmaihgjbjnwwuczutl", "fields": {"session_data": ".eJxVjMuOAiEURP-F9aRbmsaGTswk7v0GcoHbghJweMzEGP99MHHjojZ1qs6D_DTMd1XvNyQrgRAOPeSLKGjVqVYwK287oZ-dBnPF-AL2AvGcBpNizV4Pr8nwpmU4JYvh-N5-CBwU199iwUXMYmOGAvCJ8w21QbqwiTLgTNi95AALx55Jg5z3s7SzEVzojUrJujRjbTmqlkP3uVpv6ziGZCC4VOoqxG43_nr8U6CCL9XH87e3B0qe__dDU2o:1m4dIZ:SPb2LFfgeOL_7W0lTMI1N1wUwfIkwioDWBl6fJI9PY8", "expire_date": "2021-07-31T05:55:39.483Z"}}, {"model": "sessions.session", "pk": "ci6s5prbo0f6y4wnrryjep2k3e53h5l6", "fields": {"session_data": ".eJxVjMEOwiAQBf-Fs6HblFLo0bvfQBbYSpWAAXoy_rtt0oNe38ybNzO4tWC2SsWsns1MssvvZtE9KR3APzDdM3c5tbJafij8pJXfsqd4Pd2_QMAa9nevaVLWIY0gEawGQkF2AreocRi97oWmQQAsoAUtTqhhlFILPTgHFv20Rwu1rSSzlbj3QmuvuetidhhDrm1WCqCLa20GvS9UK_t8AY0ZSXg:1m3Br6:EO5lvXaZPR-mcQLoIwYwGXb-Tg4B4c13lCmiQJ2KeaY", "expire_date": "2021-07-27T06:25:20.540Z"}}, {"model": "sessions.session", "pk": "d0essexeyv257945t0opu65gpryp0t64", "fields": {"session_data": ".eJxVjDsOwjAQBe_iGlm7Dv5R0ucMlu1d4wBypDipEHeHSCmgfTPzXiLEba1h67yEicRFoBGn3zHF_OC2E7rHdptlntu6TEnuijxol-NM_Lwe7t9Bjb1-65IsZFCMoM5stTPZADFnIFcoEZliPXpApz2TsqS1t4OiAoRF84Di_QEV0ThB:1lpoLc:lDjB0LTmdwAivDeVvdvFq-8UpwlPSwNf6AsWIdJIe7E", "expire_date": "2021-06-20T08:41:32.876Z"}}, {"model": "sessions.session", "pk": "di14hwwwoyfp9ta38ur824yb1pio2m48", "fields": {"session_data": ".eJxVjDsOwyAQRO9CHSHxWbOkTJ8zoAWW4CTCkrErK3ePLblIimnmvZlNBFqXGtbOcxizuAolLr9dpPTidoD8pPaYZJraMo9RHoo8aZf3KfP7drp_B5V63dfo2KHFYpIiAg1QOCZWzmhlCAzmwQORA96jI3k7WJ9tQsBYlPdGfL7c5zeO:1m4ikl:pKDFWIqNg4TanyO4tnP8F4yfg7F_2djezcN0QvWvcdE", "expire_date": "2021-07-31T11:45:07.557Z"}}, {"model": "sessions.session", "pk": "ecf1hv4r1u2yianei701nji06hpkasue", "fields": {"session_data": ".eJxVjDsOwyAQRO9CHSHxWbOkTJ8zoAWW4CTCkrErK3ePLblIimnmvZlNBFqXGtbOcxizuAolLr9dpPTidoD8pPaYZJraMo9RHoo8aZf3KfP7drp_B5V63dfo2KHFYpIiAg1QOCZWzmhlCAzmwQORA96jI3k7WJ9tQsBYlPdGfL7c5zeO:1m39xr:b7VznBwzc_miADv4P318v8_ds3VvDDHhssgvqdYXG90", "expire_date": "2021-07-27T04:24:11.939Z"}}, {"model": "sessions.session", "pk": "fc9r1aatuvdvszhcbj366zo2d2sfto2b", "fields": {"session_data": ".eJxVjDsOwyAQRO9CHSHxWbOkTJ8zoAWW4CTCkrErK3ePLblIimnmvZlNBFqXGtbOcxizuAolLr9dpPTidoD8pPaYZJraMo9RHoo8aZf3KfP7drp_B5V63dfo2KHFYpIiAg1QOCZWzmhlCAzmwQORA96jI3k7WJ9tQsBYlPdGfL7c5zeO:1m22Cx:sNL3WNMv6WCJNbRkaJ3okF793zOvXa55DUiOVh_aLNM", "expire_date": "2021-07-24T01:55:07.772Z"}}, {"model": "sessions.session", "pk": "feapl6bmy35zgkn7fxo984mobxorskul", "fields": {"session_data": "e30:1lpiR2:Pv_wy5awf6nTBPytmwtMgCCYGwIxb08Bd7T4pq1W7po", "expire_date": "2021-06-20T02:22:44.297Z"}}, {"model": "sessions.session", "pk": "gkvafjkbrc1z2ka0obev4ryyjhijgt85", "fields": {"session_data": ".eJxVjDsOwyAQRO9CHSHxWbOkTJ8zoAWW4CTCkrErK3ePLblIimnmvZlNBFqXGtbOcxizuAolLr9dpPTidoD8pPaYZJraMo9RHoo8aZf3KfP7drp_B5V63dfo2KHFYpIiAg1QOCZWzmhlCAzmwQORA96jI3k7WJ9tQsBYlPdGfL7c5zeO:1lpTRx:-E-UAXcetY2uaFm-DPSd4FsK43MmKW1uyNEIHmDJQ_w", "expire_date": "2021-06-19T10:22:41.153Z"}}, {"model": "sessions.session", "pk": "hc2j1lllyoq7rxyj9xmdwunadbi9p0nb", "fields": {"session_data": ".eJxVjDsOwyAQRO9CHSHxWbOkTJ8zoAWW4CTCkrErK3ePLblIimnmvZlNBFqXGtbOcxizuAolLr9dpPTidoD8pPaYZJraMo9RHoo8aZf3KfP7drp_B5V63dfo2KHFYpIiAg1QOCZWzmhlCAzmwQORA96jI3k7WJ9tQsBYlPdGfL7c5zeO:1luE0B:tvACeWs7VtClRvi97rbRU_dWpc0-7uTe_JNxBlDorQU", "expire_date": "2021-07-02T12:53:39.654Z"}}, {"model": "sessions.session", "pk": "i1fsm5g4lxf7pj9vgtpgqzjtliaxdmo9", "fields": {"session_data": ".eJxVjDsOwyAQRO9CHSHxWbOkTJ8zoAWW4CTCkrErK3ePLblIimnmvZlNBFqXGtbOcxizuAolLr9dpPTidoD8pPaYZJraMo9RHoo8aZf3KfP7drp_B5V63dfo2KHFYpIiAg1QOCZWzmhlCAzmwQORA96jI3k7WJ9tQsBYlPdGfL7c5zeO:1m17xN:FOeCdfb86o5uiKYmM8YkCg1sTsdIn7EHOYG1N_t8uBE", "expire_date": "2021-07-21T13:51:17.161Z"}}, {"model": "sessions.session", "pk": "jd8qb749r6fm1nkaejblj9milbxigzpq", "fields": {"session_data": ".eJxVjDsOwyAQRO9CHSHxWbOkTJ8zoAWW4CTCkrErK3ePLblIimnmvZlNBFqXGtbOcxizuAolLr9dpPTidoD8pPaYZJraMo9RHoo8aZf3KfP7drp_B5V63dfo2KHFYpIiAg1QOCZWzmhlCAzmwQORA96jI3k7WJ9tQsBYlPdGfL7c5zeO:1lwm6z:CTSAUpUaP4vQ5_UhcacSQiOI_ky9u7XjObc3S8oqKxA", "expire_date": "2021-07-09T13:43:13.216Z"}}, {"model": "sessions.session", "pk": "koh7bu3uoymlpbuhs5ou2wg9pyr2dx9f", "fields": {"session_data": ".eJxVjDsOwyAQRO9CHSHxWbOkTJ8zoAWW4CTCkrErK3ePLblIimnmvZlNBFqXGtbOcxizuAolLr9dpPTidoD8pPaYZJraMo9RHoo8aZf3KfP7drp_B5V63dfo2KHFYpIiAg1QOCZWzmhlCAzmwQORA96jI3k7WJ9tQsBYlPdGfL7c5zeO:1lsmWO:_VeJ6SwHCEJ3g_R8Y4oZ8u11kulToZXW4jUpm3MxSvI", "expire_date": "2021-06-28T13:20:56.331Z"}}, {"model": "sessions.session", "pk": "ksy1f1i3he30j6d47y3s8d71qm6uqr8q", "fields": {"session_data": ".eJxVjssKwyAQRX8luC4So0btshS66jfIqJPE5gWJoYXSf6-BLNrFwHDuncO8iYUtdXZbcbExkDNh5PTLHPgepz0ID5jamfp5Skt0dK_QI13pfQ44XI7un6CDtcvXWqHSQjfcMwBZSdmg88gUrxgHyXWojQRQEvNUDoyohQnCa6ldw4zhWRoTjtlU5XWEl3UxwJj2j0talhkOcU1xam2KacDMbwtiX1wXeGZaMPL5ArbqS-Q:1m1kJY:P0Jf6uM-eDgxNCZYyYhQ5IdLW-X6Sl_urhRYl4Py8ic", "expire_date": "2021-07-23T06:48:44.770Z"}}, {"model": "sessions.session", "pk": "l5xx1kiw3oans11tn4nf63g7bcbfi8ws", "fields": {"session_data": ".eJxVjDsOwyAQRO9CHSHxWbOkTJ8zoAWW4CTCkrErK3ePLblIimnmvZlNBFqXGtbOcxizuAolLr9dpPTidoD8pPaYZJraMo9RHoo8aZf3KfP7drp_B5V63dfo2KHFYpIiAg1QOCZWzmhlCAzmwQORA96jI3k7WJ9tQsBYlPdGfL7c5zeO:1lsLtF:ySSelVLJ3XDuV6Ho4WWsY-hDuKhOZCWD-2y1s7iEmd4", "expire_date": "2021-06-27T08:54:45.685Z"}}, {"model": "sessions.session", "pk": "l9hyokrvlrx0izv6w7koznswgtr266lm", "fields": {"session_data": ".eJxVjDsOwyAQRO9CHSHxWbOkTJ8zoAWW4CTCkrErK3ePLblIimnmvZlNBFqXGtbOcxizuAolLr9dpPTidoD8pPaYZJraMo9RHoo8aZf3KfP7drp_B5V63dfo2KHFYpIiAg1QOCZWzmhlCAzmwQORA96jI3k7WJ9tQsBYlPdGfL7c5zeO:1m0QJt:Rl1jo4HAii9pNmpvNbRQN4N3gzIZzXfQMvf0piaLFTg", "expire_date": "2021-07-19T15:15:37.845Z"}}, {"model": "sessions.session", "pk": "le6dlalhhy39rohih649t5mngp76vkt8", "fields": {"session_data": ".eJxVjDsOwyAQRO9CHSHxWbOkTJ8zoAWW4CTCkrErK3ePLblIimnmvZlNBFqXGtbOcxizuAolLr9dpPTidoD8pPaYZJraMo9RHoo8aZf3KfP7drp_B5V63dfo2KHFYpIiAg1QOCZWzmhlCAzmwQORA96jI3k7WJ9tQsBYlPdGfL7c5zeO:1lvCAx:thNwQUpysekijFfX2o7sbhOiTQ1gpOgIYqB-Ctb4SzY", "expire_date": "2021-07-05T05:08:47.680Z"}}, {"model": "sessions.session", "pk": "lrvkb7zn3iqli5yvnxtdefdirj4zmx2s", "fields": {"session_data": ".eJxVUDtuwzAMvUqh2XD9UyxnzN6lFxAoibbVynIgUUCCIHcvjWZoBwIP70eQD6Gh0KpLxqS9E2fRiuovZ8B-YzwE9wVx2Wu7R0re1Ielfqm5_tgdhsvL-69ghbxyWo04qkHNvW0BZCfljMZiO_Zd24PslTtNEmCUyNMZmIbTMLnBKqnM3E5Tz6UJqaSoSwrc986EJ9wYDgeMnjwE7YBAnB_iWkzwx2JKBSthw56Rj5ghZHxWYoObNt7BRpyXTd003MEB8nHR5Ckg85_FLPe3C4TAIjiXMOffH43i-QOYwGXy:1m3HnN:eUoAvzAfrxzxhiKA9QJODAif1npQv7_kGNAzQDIbqV4", "expire_date": "2021-07-27T12:45:53.157Z"}}, {"model": "sessions.session", "pk": "n0abifqrzz0p3ilt9kvh73e0ymq59sd7", "fields": {"session_data": ".eJxVjDsOwyAQRO9CHSHxWbOkTJ8zoAWW4CTCkrErK3ePLblIimnmvZlNBFqXGtbOcxizuAolLr9dpPTidoD8pPaYZJraMo9RHoo8aZf3KfP7drp_B5V63dfo2KHFYpIiAg1QOCZWzmhlCAzmwQORA96jI3k7WJ9tQsBYlPdGfL7c5zeO:1lw1zX:9mxwCgiPpVYDbNnVTnONlUvJyyRdSgEVmbpeEfmu6-I", "expire_date": "2021-07-07T12:28:27.508Z"}}, {"model": "sessions.session", "pk": "penaj6vvkgltds7lq0zoz46jgjb9y3eh", "fields": {"session_data": ".eJxVjDsOwyAQRO9CHSHxWbOkTJ8zoAWW4CTCkrErK3ePLblIimnmvZlNBFqXGtbOcxizuAolLr9dpPTidoD8pPaYZJraMo9RHoo8aZf3KfP7drp_B5V63dfo2KHFYpIiAg1QOCZWzmhlCAzmwQORA96jI3k7WJ9tQsBYlPdGfL7c5zeO:1lrzpl:piG7c3RcJU_lSKP-lxsKTUoXuxFHRNZ250aRJLlrDyo", "expire_date": "2021-06-26T09:21:41.322Z"}}, {"model": "sessions.session", "pk": "q4dchqtk36s0uvz3dc0eddr1ki47tx7n", "fields": {"session_data": ".eJxVjz0OgzAMRu-SGUXkP2Hs3jMgJzGQtgQJgjpUvXtDxdAOliy_z0_2i_Swl6nfN1z7FElHGGl-Zx7CHfMB4g3yuNCw5LImT48IPelGr0vEx-XM_gkm2Ka6bQ0aK-0gAgNQXKkBfUBmBGcClLBROwVgFNbiHpzU0kUZrLJ-YM6JKk0F52pStfUpRlxJpxvyTDmnPPrjeMa_COZyPKJp25L3B4NJRzQ:1lvJrJ:2itb9Tl0QynubQ6YqAInitLLItgEOkOkwYAKXHImzKI", "expire_date": "2021-07-05T13:21:01.473Z"}}, {"model": "sessions.session", "pk": "r4xx3szvrvgm2ydl81btl9o17pilhhou", "fields": {"session_data": ".eJxVjssKwyAQRX8luC4So0btshS66jfIqJPE5gWJoYXSf6-BLNrFwHDuncO8iYUtdXZbcbExkDNh5PTLHPgepz0ID5jamfp5Skt0dK_QI13pfQ44XI7un6CDtcvXWqHSQjfcMwBZSdmg88gUrxgHyXWojQRQEvNUDoyohQnCa6ldw4zhWRoTjtlU5XWEl3UxwJj2j0talxkOcU1xam2KacDMbwtiX1wXeGZaMPL5ArfOS-o:1lyElY:qfnbc5AN9eqKco5aC-bQdOH7RmgbCC3VHUYR_X_v0QQ", "expire_date": "2021-07-13T14:31:08.640Z"}}, {"model": "sessions.session", "pk": "ssc13l6jubf2j3r6k0uo8ez1m8wmhuwx", "fields": {"session_data": ".eJxVjDsOwyAQRO9CHSHxWbOkTJ8zoAWW4CTCkrErK3ePLblIimnmvZlNBFqXGtbOcxizuAolLr9dpPTidoD8pPaYZJraMo9RHoo8aZf3KfP7drp_B5V63dfo2KHFYpIiAg1QOCZWzmhlCAzmwQORA96jI3k7WJ9tQsBYlPdGfL7c5zeO:1lx1Hz:-70rFcAIJsydzXuIS_pmoon1s7w9lPk9lRdiN_KVVP0", "expire_date": "2021-07-10T05:55:35.551Z"}}, {"model": "sessions.session", "pk": "t48mch05l3dicc8xtdvi9t01i93k6uzy", "fields": {"session_data": ".eJxVjDsOwyAQRO9CHSHxWbOkTJ8zoAWW4CTCkrErK3ePLblIimnmvZlNBFqXGtbOcxizuAolLr9dpPTidoD8pPaYZJraMo9RHoo8aZf3KfP7drp_B5V63dfo2KHFYpIiAg1QOCZWzmhlCAzmwQORA96jI3k7WJ9tQsBYlPdGfL7c5zeO:1lzKTY:o5L1enkjEQj77vZsBG9rgodRkSfbItGOvpE2SE7u86s", "expire_date": "2021-07-16T14:49:04.098Z"}}, {"model": "sessions.session", "pk": "w1dugdxk33u7h6wzaj75yai70jgp14u8", "fields": {"session_data": ".eJxVjDsOwyAQRO9CHSHxWbOkTJ8zoAWW4CTCkrErK3ePLblIimnmvZlNBFqXGtbOcxizuAolLr9dpPTidoD8pPaYZJraMo9RHoo8aZf3KfP7drp_B5V63dfo2KHFYpIiAg1QOCZWzmhlCAzmwQORA96jI3k7WJ9tQsBYlPdGfL7c5zeO:1luyXn:OYmz5vWVxGQ60GDZOR3Qohaj0GGo6sYmoTDx0EQgeQc", "expire_date": "2021-07-04T14:35:27.999Z"}}, {"model": "sessions.session", "pk": "wd7ckwkkwza36yebr9qzs9irvpwptrke", "fields": {"session_data": ".eJxVjDsOwyAQRO9CHSHxWbOkTJ8zoAWW4CTCkrErK3ePLblIimnmvZlNBFqXGtbOcxizuAolLr9dpPTidoD8pPaYZJraMo9RHoo8aZf3KfP7drp_B5V63dfo2KHFYpIiAg1QOCZWzmhlCAzmwQORA96jI3k7WJ9tQsBYlPdGfL7c5zeO:1lxXHG:NxbIbPNopEvuhNvPn6PUg73lAYpEzbupYJtA6gJpNZY", "expire_date": "2021-07-11T16:04:58.026Z"}}, {"model": "sessions.session", "pk": "wdgbe0f02626mjixlq365afmmwqemydo", "fields": {"session_data": ".eJxVjDsOwyAQRO9CHSHxWbOkTJ8zoAWW4CTCkrErK3ePLblIimnmvZlNBFqXGtbOcxizuAolLr9dpPTidoD8pPaYZJraMo9RHoo8aZf3KfP7drp_B5V63dfo2KHFYpIiAg1QOCZWzmhlCAzmwQORA96jI3k7WJ9tQsBYlPdGfL7c5zeO:1lrHPh:PgQQJZS9k8KOyJef1rd_K4WTh2ohuvsJIE3O-9uJsiE", "expire_date": "2021-06-24T09:55:49.447Z"}}, {"model": "sessions.session", "pk": "x2tn9dbxl94pj02y4buirokb40sliion", "fields": {"session_data": ".eJxVjDsOwyAQRO9CHSHxWbOkTJ8zoAWW4CTCkrErK3ePLblIimnmvZlNBFqXGtbOcxizuAolLr9dpPTidoD8pPaYZJraMo9RHoo8aZf3KfP7drp_B5V63dfo2KHFYpIiAg1QOCZWzmhlCAzmwQORA96jI3k7WJ9tQsBYlPdGfL7c5zeO:1lrjE6:UgwQCokzQX92-MJeJbazSicbYUuWXYlDlo5XM1y6fig", "expire_date": "2021-06-25T15:37:42.638Z"}}, {"model": "sessions.session", "pk": "zcir73yzdbcgb2hj82h2v9umec70ogxt", "fields": {"session_data": ".eJxVjDsOwyAQRO9CHSHxWbOkTJ8zoAWW4CTCkrErK3ePLblIimnmvZlNBFqXGtbOcxizuAolLr9dpPTidoD8pPaYZJraMo9RHoo8aZf3KfP7drp_B5V63dfo2KHFYpIiAg1QOCZWzmhlCAzmwQORA96jI3k7WJ9tQsBYlPdGfL7c5zeO:1lxivU:K0eK5ApIYC2tSBTLA0TrDHzOalh8ZtWaOqpeAHanQjM", "expire_date": "2021-07-12T04:31:16.603Z"}}, {"model": "sessions.session", "pk": "zeae71kz6imkztr7jmwfseu0rve6gcuj", "fields": {"session_data": ".eJxVjDsOwyAQRO9CHSHxWbOkTJ8zoAWW4CTCkrErK3ePLblIimnmvZlNBFqXGtbOcxizuAolLr9dpPTidoD8pPaYZJraMo9RHoo8aZf3KfP7drp_B5V63dfo2KHFYpIiAg1QOCZWzmhlCAzmwQORA96jI3k7WJ9tQsBYlPdGfL7c5zeO:1lpkbS:3WHe5-Wd5G-Taw6Bco2-yhRkWmoYT79-M2nLhipXl7M", "expire_date": "2021-06-20T04:41:38.654Z"}}]